sector_id,gouvernorat,gov_type,zone_type,lat,lon,population,nb_menages,taille_menage,surface_km2,densite_pop,nb_food_poi,nb_bennes_org,dist_centre,zone_coeff,nb_chiens,risk_class
TUN_0000,Tunis,urban,commercial,36.86652,10.20682,12115,3310,3.66,0.204,59411.2,19,20,0.487,1.6,1586,2
TUN_0001,Tunis,urban,residential,36.76611,10.20713,13415,4801,2.79,1.631,8224.9,5,18,0.433,1.0,965,1
TUN_0002,Tunis,urban,commercial,36.77497,10.10947,84741,20684,4.1,0.561,150949.0,32,124,0.662,1.6,14365,2
TUN_0003,Tunis,urban,park,36.87398,10.15711,15059,3956,3.81,0.493,30523.5,0,23,0.522,0.9,1349,1
TUN_0004,Tunis,urban,commercial,36.8601,10.17035,31712,7590,4.18,0.203,156411.6,32,31,0.324,1.6,5026,2
TUN_0005,Tunis,urban,commercial,36.87691,10.17886,33189,9456,3.51,2.462,13478.0,21,47,0.545,1.6,5790,2
TUN_0006,Tunis,urban,residential,36.8107,10.17675,22175,5565,3.98,2.369,9361.6,4,27,0.023,1.0,1349,1
TUN_0007,Tunis,urban,mixed,36.83408,10.16426,24028,6938,3.46,1.414,16998.2,21,30,0.193,1.3,2706,2
TUN_0008,Tunis,urban,industrial,36.86516,10.25133,31003,10598,2.93,1.111,27905.7,1,43,0.502,0.7,2632,1
TUN_0009,Tunis,urban,residential,36.82823,10.17899,9729,2752,3.53,0.456,21351.0,5,10,0.848,1.0,1140,2
TUN_0010,Tunis,urban,commercial,36.75816,10.21847,40453,13192,3.07,1.896,21333.4,32,57,0.396,1.6,8097,2
TUN_0011,Tunis,urban,residential,36.82369,10.09568,12976,3332,3.89,14.695,883.0,6,15,0.691,1.0,1132,1
TUN_0012,Tunis,urban,mixed,36.83827,10.12181,12366,3305,3.74,1.894,6530.0,18,13,0.276,1.3,1447,2
TUN_0013,Tunis,urban,mixed,36.81937,10.23254,35843,10166,3.53,5.206,6884.4,14,41,0.509,1.3,4631,2
TUN_0014,Tunis,urban,mixed,36.87345,10.16921,18044,4651,3.88,1.13,15964.4,11,24,0.967,1.3,2061,2
TUN_0015,Tunis,urban,mixed,36.78757,10.14378,27805,9706,2.86,3.813,7292.2,6,35,0.58,1.3,2345,1
TUN_0016,Tunis,urban,residential,36.87062,10.09003,27192,6914,3.93,9.005,3019.8,3,35,0.139,1.0,2204,1
TUN_0017,Tunis,urban,commercial,36.79572,10.16893,18760,4229,4.44,1.488,12609.6,17,23,0.28,1.6,4225,2
TUN_0018,Tunis,urban,park,36.92457,10.20034,12931,3465,3.73,1.008,12829.3,0,18,0.591,0.9,1241,1
TUN_0019,Tunis,urban,commercial,36.83436,10.20664,24311,7624,3.19,3.386,7179.6,16,37,0.252,1.6,3704,2
TUN_0020,Tunis,urban,residential,36.81249,10.17085,27835,8850,3.14,2.137,13026.2,10,35,0.676,1.0,3195,2
TUN_0021,Tunis,urban,mixed,36.85919,10.19669,8622,2631,3.28,1.288,6696.5,10,13,0.357,1.3,1195,2
TUN_0022,Tunis,urban,residential,36.811,10.16505,23877,7354,3.25,3.274,7292.1,3,28,0.39,1.0,1766,1
TUN_0023,Tunis,urban,residential,36.81963,10.17088,15018,4320,3.48,1.972,7613.9,4,30,0.694,1.0,1193,1
TUN_0024,Tunis,urban,industrial,36.75125,10.21763,65912,17799,3.7,1.453,45354.1,1,86,0.318,0.7,3588,1
TUN_0025,Tunis,urban,residential,36.88669,10.16027,25061,5646,4.44,0.419,59848.7,9,18,0.766,1.0,3073,2
TUN_0026,Tunis,urban,commercial,36.74229,10.22988,20008,5762,3.47,2.53,7906.9,31,26,0.742,1.6,2947,2
TUN_0027,Tunis,urban,commercial,36.79732,10.14888,14529,4084,3.56,4.928,2948.3,31,19,0.634,1.6,1522,2
TUN_0028,Tunis,urban,commercial,36.8382,10.16437,43494,12924,3.37,3.118,13950.3,25,52,0.627,1.6,4971,2
TUN_0029,Tunis,urban,mixed,36.92175,10.15003,20204,5875,3.44,0.707,28595.6,7,19,0.591,1.3,2530,2
TUN_0030,Tunis,urban,residential,36.84473,10.22623,16653,5147,3.23,1.696,9819.6,2,20,0.128,1.0,1637,1
TUN_0031,Tunis,urban,mixed,36.97294,10.22198,15491,4788,3.23,0.748,20709.8,11,21,0.254,1.3,2075,2
TUN_0032,Tunis,urban,commercial,36.7753,10.16584,13100,4232,3.09,3.338,3924.7,23,14,0.132,1.6,2488,2
TUN_0033,Tunis,urban,mixed,36.78647,10.14164,35083,11767,2.98,1.826,19217.6,10,47,0.457,1.3,4331,2
TUN_0034,Tunis,urban,residential,36.83299,10.02895,13714,6098,2.25,2.603,5269.5,7,18,0.741,1.0,1127,1
TUN_0035,Tunis,urban,mixed,36.84549,10.23808,18121,4744,3.82,3.029,5982.7,8,23,0.236,1.3,1288,1
TUN_0036,Tunis,urban,commercial,36.80308,10.15005,14182,3956,3.58,1.186,11958.9,20,21,0.455,1.6,2587,2
TUN_0037,Tunis,urban,commercial,36.83535,10.15504,35442,9005,3.94,0.84,42213.2,23,43,0.272,1.6,6612,2
TUN_0038,Tunis,urban,industrial,36.88335,10.14377,6992,2286,3.06,2.153,3247.3,2,10,0.466,0.7,413,1
TUN_0039,Tunis,urban,mixed,36.85172,10.16322,16024,4072,3.93,3.217,4981.0,14,16,0.684,1.3,1888,2
TUN_0040,Tunis,urban,commercial,36.82819,10.171,12033,3540,3.4,4.837,2487.6,26,22,0.24,1.6,1699,2
TUN_0041,Tunis,urban,residential,36.7545,10.10125,31217,8848,3.53,0.258,121213.4,3,45,0.537,1.0,3125,2
TUN_0042,Tunis,urban,residential,36.8197,10.16479,48665,16567,2.94,1.871,26006.7,6,51,0.47,1.0,5214,2
TUN_0043,Tunis,urban,residential,36.74862,10.12711,19653,4107,4.78,1.345,14615.6,4,23,0.227,1.0,1714,1
TUN_0044,Tunis,urban,residential,36.75789,10.20165,50733,13555,3.74,1.485,34153.1,2,57,0.322,1.0,5092,2
TUN_0045,Tunis,urban,mixed,36.75692,10.12518,17514,4841,3.62,0.606,28901.4,11,17,0.487,1.3,2831,2
TUN_0046,Tunis,urban,residential,36.92676,10.19961,8792,3074,2.86,1.575,5581.2,6,11,0.805,1.0,705,1
TUN_0047,Tunis,urban,park,36.8318,10.21513,17139,4883,3.51,2.927,5854.9,1,15,0.27,0.9,1665,1
TUN_0048,Tunis,urban,residential,36.88607,10.12181,35080,10254,3.42,0.535,65559.6,3,49,0.747,1.0,4009,2
TUN_0049,Tunis,urban,commercial,36.81725,10.25454,8790,2346,3.75,3.632,2420.4,29,12,0.865,1.6,1146,2
ARI_0000,Ariana,urban,residential,36.88401,10.22453,28515,7604,3.75,1.376,20726.8,4,46,0.837,1.0,3280,2
ARI_0001,Ariana,urban,mixed,36.92145,10.18998,19779,6042,3.27,3.829,5166.0,12,34,0.808,1.3,2110,2
ARI_0002,Ariana,urban,park,36.93735,10.20383,17948,5058,3.55,1.837,9771.7,1,14,0.457,0.9,1605,1
ARI_0003,Ariana,urban,park,36.84272,10.26667,5481,1939,2.83,2.119,2586.2,0,9,0.446,0.9,541,1
ARI_0004,Ariana,urban,residential,36.98049,10.16081,8871,2648,3.35,1.389,6385.2,3,10,0.201,1.0,910,2
ARI_0005,Ariana,urban,commercial,36.82338,10.21757,25914,8146,3.18,0.645,40190.9,20,37,0.465,1.6,3968,2
ARI_0006,Ariana,urban,residential,36.79603,10.15745,15810,3379,4.68,1.793,8818.5,4,25,0.801,1.0,1393,1
ARI_0007,Ariana,urban,residential,36.90602,10.21936,28261,7345,3.85,2.105,13423.9,6,38,0.242,1.0,3453,2
ARI_0008,Ariana,urban,mixed,36.90589,10.11953,20674,6510,3.18,4.585,4509.2,7,30,0.581,1.3,2352,2
ARI_0009,Ariana,urban,residential,36.92475,10.11784,12051,3152,3.82,1.896,6356.2,7,17,0.836,1.0,979,1
ARI_0010,Ariana,urban,mixed,36.92109,10.25953,13913,4050,3.43,2.906,4788.1,15,17,0.381,1.3,1535,2
ARI_0011,Ariana,urban,industrial,36.88214,10.21684,6493,1467,4.42,1.611,4030.4,1,7,0.208,0.7,436,1
ARI_0012,Ariana,urban,mixed,36.82796,10.19329,14412,4759,3.03,6.964,2069.5,13,18,0.693,1.3,1249,1
ARI_0013,Ariana,urban,mixed,36.81665,10.19161,15280,4662,3.28,2.418,6318.3,11,20,0.093,1.3,1736,2
ARI_0014,Ariana,urban,mixed,36.93497,10.24023,6456,1715,3.76,2.715,2378.2,12,4,0.611,1.3,741,2
ARI_0015,Ariana,urban,mixed,36.88507,10.30313,8337,2255,3.7,1.931,4317.3,15,14,0.403,1.3,921,2
ARI_0016,Ariana,urban,residential,36.83989,10.20458,12762,4020,3.17,1.815,7031.8,6,16,0.394,1.0,1307,2
ARI_0017,Ariana,urban,mixed,36.85637,10.23818,10901,3345,3.26,6.853,1590.7,10,18,0.751,1.3,1377,2
ARI_0018,Ariana,urban,industrial,36.80722,10.20996,5238,1390,3.77,0.169,31024.4,2,8,0.152,0.7,422,1
ARI_0019,Ariana,urban,residential,36.94004,10.23651,11032,3867,2.85,4.424,2493.9,5,10,0.73,1.0,909,1
ARI_0020,Ariana,urban,residential,36.86893,10.09409,9675,2465,3.92,0.72,13430.2,6,9,0.716,1.0,1153,2
ARI_0021,Ariana,urban,commercial,36.89236,10.14814,13701,5593,2.45,7.623,1797.2,27,20,0.902,1.6,1931,2
ARI_0022,Ariana,urban,mixed,36.86179,10.21044,31372,8713,3.6,2.09,15008.4,14,33,0.8,1.3,4434,2
ARI_0023,Ariana,urban,commercial,36.87102,10.14257,14227,3761,3.78,4.956,2870.8,23,20,0.623,1.6,1618,2
ARI_0024,Ariana,urban,mixed,36.78273,10.24513,5065,1685,3.0,0.542,9337.3,9,6,0.011,1.3,798,2
ARI_0025,Ariana,urban,mixed,36.81579,10.24255,16187,4273,3.79,0.822,19700.9,17,28,0.366,1.3,2037,2
ARI_0026,Ariana,urban,commercial,36.88099,10.11435,18235,6717,2.71,1.019,17893.5,28,21,0.779,1.6,3262,2
ARI_0027,Ariana,urban,industrial,36.84995,10.18023,23172,6692,3.46,4.135,5603.6,1,31,0.372,0.7,1609,1
ARI_0028,Ariana,urban,residential,36.85765,10.24219,8044,2037,3.95,1.708,4710.9,5,11,0.537,1.0,949,2
ARI_0029,Ariana,urban,residential,36.81426,10.16154,23902,8994,2.66,1.035,23087.9,6,23,0.345,1.0,2030,1
ARI_0030,Ariana,urban,residential,36.89546,10.13938,7883,2241,3.52,3.947,1997.0,7,12,0.67,1.0,673,1
ARI_0031,Ariana,urban,industrial,36.79844,10.10219,11950,3071,3.89,0.879,13592.6,2,9,0.555,0.7,940,1
ARI_0032,Ariana,urban,commercial,36.89498,10.16864,33855,11537,2.93,2.598,13031.0,25,50,0.24,1.6,5456,2
ARI_0033,Ariana,urban,commercial,36.79941,10.14074,15066,4938,3.05,1.662,9062.6,23,21,0.356,1.6,2020,2
ARI_0034,Ariana,urban,commercial,36.88586,10.15957,14851,4210,3.53,0.761,19516.9,24,19,0.711,1.6,2478,2
ARI_0035,Ariana,urban,industrial,36.86515,10.21585,12410,3725,3.33,1.875,6619.7,1,10,0.432,0.7,890,1
ARI_0036,Ariana,urban,commercial,36.90311,10.19251,14790,3184,4.64,3.33,4441.7,24,25,0.659,1.6,2040,2
ARI_0037,Ariana,urban,commercial,36.81834,10.17184,8768,2372,3.7,1.613,5435.5,25,19,0.723,1.6,1106,2
ARI_0038,Ariana,urban,mixed,36.90497,10.16198,3643,1111,3.28,2.057,1771.0,11,9,0.33,1.3,454,2
ARI_0039,Ariana,urban,commercial,36.81642,10.25402,14501,4587,3.16,0.561,25839.9,25,8,0.392,1.6,2171,2
ARI_0040,Ariana,urban,mixed,36.81872,10.22608,9193,2801,3.28,2.065,4452.6,7,14,0.392,1.3,1245,2
ARI_0041,Ariana,urban,commercial,36.85116,10.20937,8351,2106,3.96,1.381,6045.9,26,6,0.765,1.6,1328,2
ARI_0042,Ariana,urban,residential,36.7904,10.21872,13414,3692,3.63,1.689,7940.0,9,25,0.498,1.0,1342,2
ARI_0043,Ariana,urban,commercial,36.82247,10.16497,12995,2706,4.8,1.395,9316.5,22,18,0.737,1.6,1992,2
ARI_0044,Ariana,urban,commercial,36.76029,10.22345,16513,3910,4.22,0.857,19257.4,20,25,0.402,1.6,2921,2
ARI_0045,Ariana,urban,commercial,36.89463,10.23292,5669,2164,2.62,3.741,1515.5,28,7,0.439,1.6,764,2
ARI_0046,Ariana,urban,commercial,36.79673,10.20349,20129,6339,3.18,2.421,8315.4,28,25,0.605,1.6,3058,2
ARI_0047,Ariana,urban,commercial,36.77658,10.21016,21215,5596,3.79,1.845,11496.0,18,32,0.546,1.6,3474,2
ARI_0048,Ariana,urban,residential,36.9033,10.25535,19311,5675,3.4,0.685,28189.9,5,16,0.404,1.0,1970,2
ARI_0049,Ariana,urban,residential,36.87735,10.19837,10406,2829,3.68,3.344,3111.6,5,13,0.941,1.0,1012,1
BEN_0000,Ben Arous,urban,residential,36.80388,10.36116,14801,5444,2.72,0.862,17165.4,6,16,0.547,1.0,1483,2
BEN_0001,Ben Arous,urban,mixed,36.75404,10.1916,15218,4930,3.09,0.721,21114.9,11,24,0.257,1.3,2033,2
BEN_0002,Ben Arous,urban,residential,36.74398,10.38766,28044,8802,3.19,0.915,30644.8,4,30,0.618,1.0,3052,2
BEN_0003,Ben Arous,urban,park,36.75639,10.27064,9683,2330,4.15,2.533,3822.8,2,10,0.218,0.9,815,1
BEN_0004,Ben Arous,urban,mixed,36.71621,10.23818,9236,2357,3.92,2.314,3991.7,17,8,0.622,1.3,1088,2
BEN_0005,Ben Arous,urban,commercial,36.78198,10.24429,15910,4598,3.46,1.332,11947.0,27,26,0.576,1.6,2782,2
BEN_0006,Ben Arous,urban,residential,36.72474,10.20746,11819,3251,3.64,2.553,4628.9,7,19,0.41,1.0,950,1
BEN_0007,Ben Arous,urban,mixed,36.79656,10.1607,5111,1243,4.11,2.508,2038.0,10,7,0.79,1.3,605,2
BEN_0008,Ben Arous,urban,commercial,36.66776,10.11415,37181,9262,4.01,7.538,4932.7,29,50,0.151,1.6,5274,2
BEN_0009,Ben Arous,urban,commercial,36.77136,10.31991,24450,7564,3.23,1.082,22601.9,22,27,0.334,1.6,3925,2
BEN_0010,Ben Arous,urban,residential,36.7565,10.28609,11842,4630,2.56,0.981,12074.8,4,17,0.319,1.0,1080,1
BEN_0011,Ben Arous,urban,residential,36.75677,10.1479,15887,4373,3.63,6.684,2377.0,8,26,0.41,1.0,1365,1
BEN_0012,Ben Arous,urban,commercial,36.74199,10.12461,9250,2491,3.71,0.573,16129.4,26,12,0.679,1.6,1693,2
BEN_0013,Ben Arous,urban,residential,36.65924,10.23375,7586,2142,3.54,1.039,7303.3,0,2,0.104,1.0,622,1
BEN_0014,Ben Arous,urban,residential,36.79906,10.20088,19727,6453,3.06,2.477,7964.6,7,23,0.5,1.0,1764,1
BEN_0015,Ben Arous,urban,mixed,36.69848,10.29855,10370,3081,3.37,1.441,7196.3,11,8,0.239,1.3,1152,2
BEN_0016,Ben Arous,urban,mixed,36.65503,10.26463,14236,3950,3.6,1.776,8016.5,8,17,0.73,1.3,1815,2
BEN_0017,Ben Arous,urban,park,36.66203,10.19334,26843,8449,3.18,2.03,13220.2,2,39,0.714,0.9,1855,1
BEN_0018,Ben Arous,urban,mixed,36.81852,10.29778,25329,6306,4.02,1.169,21673.2,11,30,0.836,1.3,3138,2
BEN_0019,Ben Arous,urban,commercial,36.74789,10.24846,12701,3132,4.06,1.63,7793.1,27,15,0.331,1.6,1497,2
BEN_0020,Ben Arous,urban,residential,36.83164,10.24052,11768,3491,3.37,1.848,6366.4,6,13,0.895,1.0,997,1
BEN_0021,Ben Arous,urban,commercial,36.62649,10.2137,26055,8388,3.11,0.679,38349.5,15,33,0.404,1.6,5037,2
BEN_0022,Ben Arous,urban,mixed,36.71973,10.27166,37544,11460,3.28,1.205,31150.6,12,52,0.193,1.3,5001,2
BEN_0023,Ben Arous,urban,industrial,36.78268,10.08098,7846,1931,4.06,1.4,5604.5,1,15,0.304,0.7,554,1
BEN_0024,Ben Arous,urban,residential,36.77875,10.26378,15544,3470,4.48,2.485,6253.9,5,16,0.299,1.0,1438,1
BEN_0025,Ben Arous,urban,mixed,36.71338,10.2126,10479,2559,4.09,0.447,23462.9,16,7,0.896,1.3,1020,1
BEN_0026,Ben Arous,urban,residential,36.79447,10.21831,15689,3711,4.23,0.996,15750.7,2,18,0.353,1.0,1573,2
BEN_0027,Ben Arous,urban,residential,36.66133,10.2266,5178,1462,3.54,1.097,4719.0,6,8,0.432,1.0,491,1
BEN_0028,Ben Arous,urban,residential,36.71008,10.28428,8781,2842,3.09,1.867,4704.1,0,11,0.737,1.0,733,1
BEN_0029,Ben Arous,urban,residential,36.75743,10.23787,9559,2930,3.26,0.858,11140.7,7,12,0.558,1.0,921,1
BEN_0030,Ben Arous,urban,mixed,36.81476,10.212,12040,3669,3.28,1.465,8219.1,12,14,0.629,1.3,1288,2
BEN_0031,Ben Arous,urban,mixed,36.69353,10.31013,17950,4465,4.02,3.152,5694.7,9,24,0.286,1.3,1759,1
BEN_0032,Ben Arous,urban,park,36.74157,10.17828,19405,6339,3.06,0.666,29153.7,0,17,0.535,0.9,1112,1
BEN_0033,Ben Arous,urban,commercial,36.74112,10.23761,12817,3702,3.46,1.675,7652.9,25,14,0.423,1.6,2065,2
BEN_0034,Ben Arous,urban,commercial,36.74784,10.14584,9730,3377,2.88,0.78,12481.5,31,17,0.773,1.6,1647,2
BEN_0035,Ben Arous,urban,residential,36.77791,10.28501,32365,8588,3.77,5.106,6338.8,2,34,0.438,1.0,3467,2
BEN_0036,Ben Arous,urban,residential,36.67262,10.23724,8489,2222,3.82,1.455,5832.4,4,6,0.69,1.0,956,2
BEN_0037,Ben Arous,urban,residential,36.7554,10.24459,14150,3608,3.92,2.64,5359.5,3,13,0.458,1.0,1146,1
BEN_0038,Ben Arous,urban,commercial,36.69048,10.25823,6281,1747,3.59,1.397,4497.5,29,9,0.268,1.6,1044,2
BEN_0039,Ben Arous,urban,mixed,36.76538,10.23552,11249,3286,3.42,4.745,2370.8,14,11,0.446,1.3,1298,2
BEN_0040,Ben Arous,urban,commercial,36.73265,10.26232,18919,5991,3.16,1.692,11179.8,26,26,0.887,1.6,3233,2
BEN_0041,Ben Arous,urban,commercial,36.7524,10.16538,18888,5003,3.77,0.516,36578.7,29,21,0.312,1.6,3340,2
BEN_0042,Ben Arous,urban,commercial,36.79003,10.18039,11742,3154,3.72,3.78,3106.6,16,22,0.759,1.6,1769,2
BEN_0043,Ben Arous,urban,park,36.78697,10.17056,5795,1583,3.66,0.727,7968.9,1,2,0.754,0.9,486,1
BEN_0044,Ben Arous,urban,commercial,36.72308,10.23943,17772,5986,2.97,5.144,3454.7,28,17,0.353,1.6,3146,2
BEN_0045,Ben Arous,urban,residential,36.78334,10.21884,17079,4604,3.71,0.767,22260.0,3,18,0.711,1.0,1922,2
BEN_0046,Ben Arous,urban,mixed,36.80591,10.27488,21981,5624,3.91,0.684,32146.4,14,34,0.601,1.3,3299,2
BEN_0047,Ben Arous,urban,commercial,36.79752,10.25676,14736,4988,2.95,2.372,6211.8,23,23,0.433,1.6,2235,2
BEN_0048,Ben Arous,urban,residential,36.72053,10.2666,14457,3278,4.41,1.205,11998.6,5,24,0.386,1.0,1801,2
BEN_0049,Ben Arous,urban,park,36.71782,10.2746,37103,11191,3.32,5.624,6597.7,2,43,0.655,0.9,3708,1
MAN_0000,Manouba,periurban,residential,36.77686,10.07408,5541,1619,3.42,0.787,7039.7,7,6,0.432,1.0,411,1
MAN_0001,Manouba,periurban,residential,36.84957,9.93159,3354,969,3.46,4.474,749.7,5,3,0.084,1.0,335,1
MAN_0002,Manouba,periurban,residential,36.79264,9.90782,16609,4339,3.83,1.592,10430.4,7,22,0.209,1.0,1727,2
MAN_0003,Manouba,periurban,park,36.89648,10.05807,9872,2610,3.78,1.16,8507.2,1,7,0.666,0.9,615,1
MAN_0004,Manouba,periurban,mixed,36.82939,10.01163,10868,2953,3.68,5.418,2005.8,9,11,0.481,1.3,970,1
MAN_0005,Manouba,periurban,mixed,36.79746,10.06166,8537,2169,3.93,1.329,6424.5,12,11,0.512,1.3,784,1
MAN_0006,Manouba,periurban,mixed,36.77404,9.96438,10886,4043,2.69,5.233,2080.4,10,14,0.138,1.3,1342,2
MAN_0007,Manouba,periurban,park,36.75172,9.92083,4579,1209,3.79,2.554,1792.6,0,5,0.579,0.9,396,1
MAN_0008,Manouba,periurban,park,36.77352,9.92607,7733,2284,3.39,6.657,1161.6,2,12,0.304,0.9,599,1
MAN_0009,Manouba,periurban,commercial,36.75831,9.99328,6598,2363,2.79,1.359,4853.7,15,10,0.434,1.6,809,2
MAN_0010,Manouba,periurban,residential,36.87122,9.9956,8747,2353,3.72,3.66,2389.8,5,5,0.159,1.0,794,1
MAN_0011,Manouba,periurban,commercial,36.77866,9.99956,9117,2252,4.05,3.499,2605.4,24,11,0.424,1.6,1530,2
MAN_0012,Manouba,periurban,commercial,36.83894,10.02242,6019,2032,2.96,8.918,674.9,23,6,0.396,1.6,771,2
MAN_0013,Manouba,periurban,mixed,36.8268,9.9999,8020,1910,4.2,1.123,7138.7,12,12,0.661,1.3,1004,2
MAN_0014,Manouba,periurban,mixed,36.79047,9.91872,15829,4402,3.6,0.736,21505.1,13,19,0.766,1.3,2162,2
MAN_0015,Manouba,periurban,residential,36.85141,9.92737,12087,3347,3.61,2.889,4183.6,8,13,0.626,1.0,1150,1
MAN_0016,Manouba,periurban,mixed,36.74723,10.04723,10525,3479,3.03,0.471,22322.5,11,10,0.665,1.3,1574,2
MAN_0017,Manouba,periurban,periphery,36.86309,9.92339,6651,1813,3.67,1.022,6506.6,2,8,0.358,0.8,515,1
MAN_0018,Manouba,periurban,mixed,36.73903,10.00738,14961,3707,4.04,2.459,6083.3,13,20,0.214,1.3,1169,1
MAN_0019,Manouba,periurban,residential,36.7579,9.9287,13467,3567,3.77,2.278,5911.9,5,12,0.505,1.0,1233,1
MAN_0020,Manouba,periurban,mixed,36.79417,10.00107,20791,6427,3.23,0.218,95408.6,16,28,0.492,1.3,2351,2
MAN_0021,Manouba,periurban,residential,36.79194,9.98068,8302,2138,3.88,2.323,3573.2,3,10,0.611,1.0,750,1
MAN_0022,Manouba,periurban,mixed,36.77167,9.98016,12045,3782,3.18,1.398,8613.6,17,20,0.432,1.3,1073,1
MAN_0023,Manouba,periurban,residential,36.76658,10.01766,3286,1005,3.27,1.608,2043.8,4,3,0.71,1.0,212,1
MAN_0024,Manouba,periurban,park,36.6929,10.01609,8664,2918,2.97,0.638,13570.0,1,12,0.327,0.9,1028,2
MAN_0025,Manouba,periurban,mixed,36.8059,10.03657,9796,2658,3.68,4.471,2191.2,10,17,0.788,1.3,1069,2
MAN_0026,Manouba,periurban,commercial,36.76714,9.95861,5917,2350,2.52,1.029,5748.4,29,8,0.886,1.6,800,2
MAN_0027,Manouba,periurban,park,36.83319,9.93389,9311,2734,3.4,1.078,8638.0,2,10,0.394,0.9,807,1
MAN_0028,Manouba,periurban,residential,36.70296,9.95866,6428,1705,3.77,0.275,23365.2,1,10,0.435,1.0,727,2
MAN_0029,Manouba,periurban,commercial,36.85334,9.95646,20300,7251,2.8,1.677,12104.7,23,20,0.625,1.6,3376,2
MAN_0030,Manouba,periurban,residential,36.7525,9.9665,2715,622,4.36,1.182,2297.3,2,2,0.327,1.0,280,2
MAN_0031,Manouba,periurban,mixed,36.81879,10.02375,9056,2763,3.28,2.47,3666.0,9,10,0.71,1.3,803,1
MAN_0032,Manouba,periurban,mixed,36.79752,9.90703,11888,3632,3.27,1.017,11689.8,19,18,0.412,1.3,1558,2
MAN_0033,Manouba,periurban,residential,36.89637,10.03561,6090,2083,2.92,0.772,7891.5,2,7,0.566,1.0,513,1
MAN_0034,Manouba,periurban,park,36.75857,9.97513,6725,1771,3.8,1.819,3697.1,2,8,0.899,0.9,589,1
MAN_0035,Manouba,periurban,mixed,36.83911,9.9926,10102,2806,3.6,5.546,1821.4,16,11,0.458,1.3,1122,2
MAN_0036,Manouba,periurban,commercial,36.78544,9.98432,3218,848,3.79,3.92,820.9,23,2,0.842,1.6,576,2
MAN_0037,Manouba,periurban,residential,36.8667,9.89551,13705,4229,3.24,1.186,11552.5,2,17,0.316,1.0,1352,1
MAN_0038,Manouba,periurban,periphery,36.81752,9.94086,9107,2033,4.48,1.254,7265.1,0,11,0.77,0.8,620,1
MAN_0039,Manouba,periurban,mixed,36.79456,9.93554,8422,2249,3.74,1.136,7411.4,6,11,0.496,1.3,700,1
MAN_0040,Manouba,periurban,mixed,36.7962,10.05752,5831,1618,3.6,2.188,2665.4,11,4,0.358,1.3,808,2
MAN_0041,Manouba,periurban,commercial,36.8245,9.98617,8518,1973,4.32,1.421,5994.6,28,7,0.669,1.6,1434,2
MAN_0042,Manouba,periurban,commercial,36.78528,9.99267,10777,4116,2.62,4.842,2225.7,22,11,0.829,1.6,1437,2
MAN_0043,Manouba,periurban,mixed,36.79776,9.93237,5345,1452,3.68,0.842,6350.5,19,6,0.798,1.3,667,2
MAN_0044,Manouba,periurban,residential,36.80712,9.90244,9841,2963,3.32,1.535,6410.5,3,13,0.597,1.0,1059,2
MAN_0045,Manouba,periurban,periphery,36.76417,10.0311,3235,881,3.67,1.509,2143.8,3,2,0.493,0.8,215,1
MAN_0046,Manouba,periurban,residential,36.80052,9.94868,10801,3470,3.11,1.437,7517.2,3,12,0.783,1.0,751,1
MAN_0047,Manouba,periurban,commercial,36.75192,9.97016,6334,1769,3.58,5.059,1252.1,28,10,0.249,1.6,901,2
MAN_0048,Manouba,periurban,periphery,36.83614,10.06248,12031,2725,4.41,3.464,3473.1,2,16,0.223,0.8,891,1
MAN_0049,Manouba,periurban,residential,36.84376,10.00319,4782,1512,3.16,4.935,968.9,4,10,0.242,1.0,371,1
NAB_0000,Nabeul,mixed,periphery,36.40849,10.74696,13657,5591,2.44,1.065,12819.0,3,10,0.569,0.8,1148,1
NAB_0001,Nabeul,mixed,residential,36.3591,10.76616,17283,4354,3.97,1.98,8727.9,3,23,0.336,1.0,1583,1
NAB_0002,Nabeul,mixed,periphery,36.51064,10.76927,28459,6974,4.08,0.8,35593.2,2,31,0.464,0.8,3089,2
NAB_0003,Nabeul,mixed,residential,36.4535,10.62838,10775,2957,3.64,0.827,13021.4,4,16,0.666,1.0,1295,2
NAB_0004,Nabeul,mixed,mixed,36.40071,10.79104,7868,2456,3.2,1.961,4012.9,6,12,0.138,1.3,1043,2
NAB_0005,Nabeul,mixed,periphery,36.40288,10.79209,15757,3898,4.04,1.579,9978.3,2,19,0.354,0.8,1498,1
NAB_0006,Nabeul,mixed,residential,36.51633,10.69589,28434,6129,4.64,2.173,13085.8,3,35,0.562,1.0,3586,2
NAB_0007,Nabeul,mixed,mixed,36.44515,10.71003,7960,2323,3.43,2.838,2804.7,14,7,0.129,1.3,864,2
NAB_0008,Nabeul,mixed,mixed,36.5,10.81517,15079,4109,3.67,1.39,10847.8,5,19,0.154,1.3,1698,2
NAB_0009,Nabeul,mixed,commercial,36.41559,10.84425,12114,3375,3.59,2.471,4901.7,19,16,0.312,1.6,2005,2
NAB_0010,Nabeul,mixed,periphery,36.43178,10.76057,6261,1581,3.96,10.147,617.0,2,7,0.353,0.8,480,1
NAB_0011,Nabeul,mixed,residential,36.49421,10.72725,20846,6739,3.09,1.028,20268.9,3,36,0.727,1.0,1864,1
NAB_0012,Nabeul,mixed,mixed,36.52123,10.75821,11968,3492,3.43,2.018,5930.9,11,14,0.501,1.3,1585,2
NAB_0013,Nabeul,mixed,periphery,36.44521,10.75031,7363,1683,4.37,1.072,6869.3,3,9,0.276,0.8,327,0
NAB_0014,Nabeul,mixed,commercial,36.38516,10.71541,27160,8200,3.31,1.897,14318.0,19,22,0.473,1.6,4558,2
NAB_0015,Nabeul,mixed,park,36.34672,10.79368,12346,3157,3.91,3.605,3424.9,0,11,0.731,0.9,1158,1
NAB_0016,Nabeul,mixed,commercial,36.4496,10.72684,4207,1260,3.34,3.166,1328.9,20,6,0.692,1.6,585,2
NAB_0017,Nabeul,mixed,residential,36.4661,10.74399,20261,6091,3.33,2.164,9364.4,5,30,0.182,1.0,1690,1
NAB_0018,Nabeul,mixed,residential,36.46518,10.8645,29878,12492,2.39,0.641,46588.3,6,35,0.049,1.0,2490,1
NAB_0019,Nabeul,mixed,mixed,36.45021,10.70943,22128,7152,3.09,0.678,32658.6,15,24,0.664,1.3,2293,2
NAB_0020,Nabeul,mixed,mixed,36.45449,10.78281,6256,1757,3.56,1.599,3912.0,10,5,0.329,1.3,732,2
NAB_0021,Nabeul,mixed,mixed,36.39086,10.73956,13580,3267,4.16,7.662,1772.3,13,14,0.564,1.3,1240,1
NAB_0022,Nabeul,mixed,residential,36.4338,10.72217,10999,4046,2.72,2.772,3967.8,3,19,0.66,1.0,1045,1
NAB_0023,Nabeul,mixed,residential,36.43779,10.79574,43916,12546,3.5,0.749,58611.0,5,69,0.493,1.0,5276,2
NAB_0024,Nabeul,mixed,mixed,36.45579,10.80307,15934,5753,2.77,1.8,8854.5,10,22,0.721,1.3,1623,2
NAB_0025,Nabeul,mixed,periphery,36.48786,10.70775,13300,3609,3.69,1.219,10909.5,2,9,0.535,0.8,1171,1
NAB_0026,Nabeul,mixed,mixed,36.38911,10.77257,16980,4611,3.68,4.281,3966.4,10,23,0.582,1.3,2099,2
NAB_0027,Nabeul,mixed,park,36.44449,10.79559,23707,7212,3.29,1.748,13561.2,0,33,0.164,0.9,2224,1
NAB_0028,Nabeul,mixed,residential,36.44086,10.78926,18668,5601,3.33,3.478,5367.2,8,26,0.703,1.0,2009,2
NAB_0029,Nabeul,mixed,residential,36.46274,10.70791,25936,8272,3.14,10.447,2482.6,2,30,0.166,1.0,1729,1
NAB_0030,Nabeul,mixed,commercial,36.49166,10.7299,37724,11829,3.19,6.178,6106.2,30,45,0.588,1.6,4866,2
NAB_0031,Nabeul,mixed,residential,36.40224,10.72692,14551,5205,2.8,1.309,11115.9,0,25,0.39,1.0,1040,1
NAB_0032,Nabeul,mixed,residential,36.54722,10.70573,17229,4075,4.23,1.152,14956.9,1,12,0.432,1.0,2070,2
NAB_0033,Nabeul,mixed,periphery,36.50209,10.71112,15980,4391,3.64,1.09,14658.9,3,26,0.795,0.8,1217,1
NAB_0034,Nabeul,mixed,residential,36.46782,10.69174,10778,2979,3.62,1.112,9693.9,6,6,0.391,1.0,953,1
NAB_0035,Nabeul,mixed,residential,36.39114,10.74397,30235,8896,3.4,0.512,59099.0,2,47,0.713,1.0,2769,1
NAB_0036,Nabeul,mixed,residential,36.43212,10.6768,20372,4824,4.22,2.293,8886.0,4,24,0.53,1.0,1671,1
NAB_0037,Nabeul,mixed,park,36.40349,10.71612,18029,4336,4.16,0.68,26532.4,2,24,0.667,0.9,2031,2
NAB_0038,Nabeul,mixed,residential,36.43372,10.72844,19053,5668,3.36,3.129,6088.2,6,19,0.498,1.0,1309,1
NAB_0039,Nabeul,mixed,residential,36.52926,10.85671,21179,6553,3.23,6.19,3421.6,1,26,0.389,1.0,1714,1
NAB_0040,Nabeul,mixed,park,36.44484,10.77535,12715,4308,2.95,1.409,9023.3,4,21,0.518,0.9,1070,1
NAB_0041,Nabeul,mixed,commercial,36.52167,10.77153,14976,6234,2.4,1.384,10823.0,33,22,0.287,1.6,2719,2
NAB_0042,Nabeul,mixed,residential,36.47942,10.78348,19052,5541,3.44,1.537,12392.9,7,19,0.4,1.0,1972,2
NAB_0043,Nabeul,mixed,commercial,36.41597,10.81194,9492,2418,3.92,2.409,3940.5,24,8,0.836,1.6,1469,2
NAB_0044,Nabeul,mixed,periphery,36.44764,10.77867,16239,4395,3.69,4.186,3879.7,2,27,0.76,0.8,1102,1
NAB_0045,Nabeul,mixed,residential,36.4478,10.75266,20618,5551,3.71,2.64,7808.7,4,28,0.92,1.0,1856,1
NAB_0046,Nabeul,mixed,commercial,36.46158,10.76131,11626,3157,3.68,2.191,5305.3,22,15,0.664,1.6,1994,2
NAB_0047,Nabeul,mixed,residential,36.36689,10.76354,27536,6472,4.25,2.351,11712.7,5,40,0.65,1.0,2824,2
NAB_0048,Nabeul,mixed,park,36.48163,10.60078,5611,1596,3.51,0.552,10157.5,1,5,0.325,0.9,475,1
NAB_0049,Nabeul,mixed,residential,36.4476,10.8445,11021,3449,3.2,1.09,10114.4,4,4,0.604,1.0,885,1
ZAG_0000,Zaghouan,rural,periphery,36.25905,10.10253,1941,660,2.94,0.656,2956.9,0,1,0.616,0.8,151,1
ZAG_0001,Zaghouan,rural,residential,36.42343,10.1911,5573,1599,3.48,5.311,1049.4,7,4,0.547,1.0,472,1
ZAG_0002,Zaghouan,rural,periphery,36.38871,10.08434,4080,1044,3.9,1.531,2665.7,0,6,0.236,0.8,285,1
ZAG_0003,Zaghouan,rural,mixed,36.35804,10.13269,2965,885,3.35,1.757,1687.2,9,2,0.592,1.3,384,2
ZAG_0004,Zaghouan,rural,park,36.37634,10.19574,2078,493,4.21,4.348,477.9,2,5,0.599,0.9,118,1
ZAG_0005,Zaghouan,rural,residential,36.49094,10.10624,6386,2052,3.11,0.815,7835.9,5,5,0.624,1.0,695,2
ZAG_0006,Zaghouan,rural,periphery,36.41694,10.15415,3127,881,3.55,1.35,2316.2,3,9,0.347,0.8,287,1
ZAG_0007,Zaghouan,rural,residential,36.39794,10.13806,3623,968,3.74,0.569,6364.0,5,4,0.617,1.0,371,2
ZAG_0008,Zaghouan,rural,periphery,36.39784,10.16279,4138,1275,3.25,1.181,3502.6,1,1,0.34,0.8,291,1
ZAG_0009,Zaghouan,rural,residential,36.40847,10.13274,1532,317,4.82,0.874,1753.5,9,1,0.109,1.0,122,1
ZAG_0010,Zaghouan,rural,periphery,36.37691,10.15922,2346,798,2.94,7.281,322.2,0,4,0.409,0.8,85,0
ZAG_0011,Zaghouan,rural,periphery,36.38363,10.21566,1999,599,3.33,5.197,384.6,4,5,0.293,0.8,108,1
ZAG_0012,Zaghouan,rural,periphery,36.34642,10.15469,6158,1908,3.23,1.95,3158.6,1,4,0.6,0.8,490,1
ZAG_0013,Zaghouan,rural,periphery,36.37481,10.07507,2465,729,3.38,1.483,1661.8,3,6,0.916,0.8,157,1
ZAG_0014,Zaghouan,rural,residential,36.37948,10.0688,2176,678,3.21,2.477,878.6,7,2,0.373,1.0,195,1
ZAG_0015,Zaghouan,rural,residential,36.34414,10.09836,2712,922,2.94,2.961,915.9,4,3,0.331,1.0,298,2
ZAG_0016,Zaghouan,rural,park,36.44785,10.11355,3660,1110,3.3,0.697,5253.0,2,1,0.468,0.9,261,1
ZAG_0017,Zaghouan,rural,periphery,36.49842,10.19426,1472,383,3.84,0.389,3780.0,2,2,0.159,0.8,97,1
ZAG_0018,Zaghouan,rural,residential,36.45276,10.16528,3650,1450,2.52,2.841,1284.7,4,4,0.38,1.0,414,2
ZAG_0019,Zaghouan,rural,residential,36.44544,10.16106,5883,1817,3.24,8.446,696.6,3,6,0.946,1.0,547,1
ZAG_0020,Zaghouan,rural,residential,36.42537,10.1966,6266,1960,3.2,2.482,2524.6,6,8,0.295,1.0,484,1
ZAG_0021,Zaghouan,rural,periphery,36.45724,10.20627,4286,1327,3.23,0.28,15333.4,3,5,0.557,0.8,313,1
ZAG_0022,Zaghouan,rural,residential,36.35709,10.14799,5705,1552,3.68,4.234,1347.4,5,7,0.362,1.0,542,1
ZAG_0023,Zaghouan,rural,residential,36.34813,10.1745,7610,2338,3.25,7.239,1051.2,3,7,0.231,1.0,574,1
ZAG_0024,Zaghouan,rural,residential,36.41097,10.13895,3033,772,3.93,3.02,1004.3,5,4,0.665,1.0,278,1
ZAG_0025,Zaghouan,rural,residential,36.37561,10.05003,2858,928,3.08,6.309,453.0,4,5,0.45,1.0,189,1
ZAG_0026,Zaghouan,rural,residential,36.3921,10.09736,3521,1165,3.02,1.322,2664.3,5,7,0.308,1.0,304,1
ZAG_0027,Zaghouan,rural,residential,36.45552,10.20299,4276,1460,2.93,3.512,1217.6,4,6,0.566,1.0,319,1
ZAG_0028,Zaghouan,rural,periphery,36.44464,10.09469,5356,1484,3.61,2.935,1825.0,3,9,0.397,0.8,385,1
ZAG_0029,Zaghouan,rural,periphery,36.33954,10.21561,3098,851,3.64,3.261,950.1,2,2,0.558,0.8,216,1
ZAG_0030,Zaghouan,rural,residential,36.40783,10.2044,2795,908,3.08,2.946,948.8,4,4,0.466,1.0,252,1
ZAG_0031,Zaghouan,rural,residential,36.3,10.2151,6000,1515,3.96,1.741,3446.9,3,13,0.346,1.0,503,1
ZAG_0032,Zaghouan,rural,residential,36.42227,10.06575,2004,432,4.64,3.962,505.8,1,4,0.358,1.0,166,1
ZAG_0033,Zaghouan,rural,park,36.33228,10.1571,2670,596,4.47,1.449,1842.2,1,5,0.808,0.9,211,1
ZAG_0034,Zaghouan,rural,residential,36.40278,10.17562,3683,966,3.81,0.831,4431.2,4,4,0.654,1.0,246,1
ZAG_0035,Zaghouan,rural,residential,36.37685,10.13886,1919,496,3.87,0.52,3693.9,6,3,0.196,1.0,187,1
ZAG_0036,Zaghouan,rural,residential,36.42838,10.17132,3108,854,3.64,2.44,1273.7,3,5,0.373,1.0,256,1
ZAG_0037,Zaghouan,rural,park,36.38582,10.13895,3750,1077,3.48,1.684,2227.3,0,4,0.605,0.9,153,0
ZAG_0038,Zaghouan,rural,residential,36.42174,10.22322,3664,814,4.5,1.651,2219.5,4,5,0.141,1.0,314,1
ZAG_0039,Zaghouan,rural,residential,36.4371,10.0795,9782,2167,4.51,0.968,10103.5,4,6,0.339,1.0,1110,2
ZAG_0040,Zaghouan,rural,periphery,36.43278,10.19693,4103,1022,4.01,1.717,2390.3,0,4,0.707,0.8,271,1
ZAG_0041,Zaghouan,rural,residential,36.39418,10.25048,2082,1089,1.91,1.582,1316.3,6,3,0.415,1.0,247,2
ZAG_0042,Zaghouan,rural,residential,36.42174,10.12592,4639,1336,3.47,1.241,3738.2,5,4,0.174,1.0,461,1
ZAG_0043,Zaghouan,rural,periphery,36.46511,10.12408,4928,1466,3.36,3.689,1336.0,0,3,0.656,0.8,344,1
ZAG_0044,Zaghouan,rural,residential,36.47118,10.10238,4831,1268,3.81,1.455,3320.6,3,4,0.65,1.0,402,1
ZAG_0045,Zaghouan,rural,park,36.35955,10.07474,2718,726,3.74,0.714,3808.1,4,1,0.293,0.9,191,1
ZAG_0046,Zaghouan,rural,residential,36.38909,10.17221,3961,1137,3.48,1.281,3091.5,2,5,0.509,1.0,381,1
ZAG_0047,Zaghouan,rural,residential,36.35266,10.20345,5918,1413,4.19,1.345,4398.8,6,7,0.691,1.0,473,1
ZAG_0048,Zaghouan,rural,park,36.30795,10.14863,2960,989,2.99,4.786,618.5,1,4,0.266,0.9,266,1
ZAG_0049,Zaghouan,rural,residential,36.42457,10.12463,6125,1849,3.31,3.581,1710.4,9,6,0.539,1.0,523,1
BIZ_0000,Bizerte,mixed,periphery,37.326,9.83601,11382,2765,4.11,6.676,1704.9,1,12,0.643,0.8,637,1
BIZ_0001,Bizerte,mixed,periphery,37.2676,9.91304,14511,4435,3.27,2.505,5792.0,3,19,0.6,0.8,969,1
BIZ_0002,Bizerte,mixed,periphery,37.27979,9.89248,8187,2420,3.38,4.967,1648.3,3,10,0.805,0.8,388,0
BIZ_0003,Bizerte,mixed,mixed,37.36312,9.79147,7150,2367,3.02,2.117,3377.0,18,7,0.895,1.3,838,2
BIZ_0004,Bizerte,mixed,mixed,37.31068,9.87344,9194,2808,3.27,5.922,1552.5,12,9,0.59,1.3,1009,2
BIZ_0005,Bizerte,mixed,residential,37.27473,9.81119,16846,4725,3.56,4.62,3646.1,6,17,0.927,1.0,1742,2
BIZ_0006,Bizerte,mixed,park,37.28064,9.9484,12765,3231,3.95,0.841,15184.9,1,13,0.345,0.9,1104,1
BIZ_0007,Bizerte,mixed,mixed,37.25452,9.80948,4027,1154,3.49,3.497,1151.5,11,4,0.312,1.3,439,2
BIZ_0008,Bizerte,mixed,commercial,37.19623,9.88304,16482,4851,3.4,2.685,6138.9,29,11,0.286,1.6,2323,2
BIZ_0009,Bizerte,mixed,periphery,37.23832,9.78196,24589,6940,3.54,1.764,13938.9,2,23,0.321,0.8,1837,1
BIZ_0010,Bizerte,mixed,park,37.24041,9.90831,14246,4920,2.9,1.726,8251.5,1,16,0.534,0.9,1318,1
BIZ_0011,Bizerte,mixed,periphery,37.20379,9.86629,12866,3635,3.54,1.597,8056.7,3,16,0.129,0.8,982,1
BIZ_0012,Bizerte,mixed,commercial,37.30734,9.85615,16526,3866,4.27,2.64,6259.7,22,15,0.271,1.6,2339,2
BIZ_0013,Bizerte,mixed,periphery,37.25363,9.9184,13829,3710,3.73,3.77,3668.1,1,22,0.492,0.8,1008,1
BIZ_0014,Bizerte,mixed,park,37.24029,10.00056,16937,5816,2.91,0.352,48143.3,3,18,0.695,0.9,1752,2
BIZ_0015,Bizerte,mixed,residential,37.32855,9.95069,16907,4240,3.99,0.317,53307.8,4,19,0.223,1.0,1239,1
BIZ_0016,Bizerte,mixed,residential,37.25257,9.92447,12677,3868,3.28,0.376,33684.8,7,18,0.376,1.0,1281,2
BIZ_0017,Bizerte,mixed,mixed,37.27706,9.911,8478,2549,3.33,2.943,2880.6,13,11,0.302,1.3,919,2
BIZ_0018,Bizerte,mixed,periphery,37.29479,9.90301,13144,4048,3.25,1.17,11235.1,1,16,0.655,0.8,1271,1
BIZ_0019,Bizerte,mixed,mixed,37.24883,9.83222,7869,1815,4.33,0.486,16192.8,12,15,0.289,1.3,1039,2
BIZ_0020,Bizerte,mixed,residential,37.30895,9.85251,5037,1116,4.51,0.631,7977.2,6,4,0.144,1.0,495,1
BIZ_0021,Bizerte,mixed,mixed,37.24779,9.90292,15415,6265,2.46,4.042,3813.9,6,15,0.333,1.3,1280,1
BIZ_0022,Bizerte,mixed,mixed,37.2022,9.85999,5378,1768,3.04,7.582,709.3,12,10,0.233,1.3,573,2
BIZ_0023,Bizerte,mixed,residential,37.26483,9.82272,5341,1575,3.39,4.395,1215.4,5,6,0.266,1.0,403,1
BIZ_0024,Bizerte,mixed,residential,37.27276,9.86507,8795,2837,3.1,2.031,4329.8,6,15,0.714,1.0,732,1
BIZ_0025,Bizerte,mixed,commercial,37.19913,9.94116,4183,1189,3.52,1.416,2954.2,35,7,0.469,1.6,619,2
BIZ_0026,Bizerte,mixed,mixed,37.36667,9.89531,4531,1465,3.09,1.454,3116.1,10,1,0.262,1.3,515,2
BIZ_0027,Bizerte,mixed,park,37.19837,9.80646,15407,4782,3.22,4.859,3170.9,1,22,0.639,0.9,823,1
BIZ_0028,Bizerte,mixed,mixed,37.30362,9.8834,19619,7103,2.76,1.654,11861.7,13,16,0.693,1.3,2352,2
BIZ_0029,Bizerte,mixed,residential,37.25419,9.71944,10255,2526,4.06,0.753,13620.5,4,9,0.629,1.0,1192,2
BIZ_0030,Bizerte,mixed,park,37.24335,9.87015,10398,2716,3.83,2.859,3637.4,3,11,0.484,0.9,964,1
BIZ_0031,Bizerte,mixed,commercial,37.331,9.86792,8017,2652,3.02,8.161,982.3,19,15,0.644,1.6,1068,2
BIZ_0032,Bizerte,mixed,mixed,37.27294,9.88768,18513,4408,4.2,0.342,54181.2,10,22,0.377,1.3,2603,2
BIZ_0033,Bizerte,mixed,mixed,37.3039,9.89944,11863,3699,3.21,1.704,6962.6,15,14,0.945,1.3,1333,2
BIZ_0034,Bizerte,mixed,mixed,37.31609,9.82044,7962,2407,3.31,1.12,7110.5,16,11,0.81,1.3,575,1
BIZ_0035,Bizerte,mixed,residential,37.24342,9.92893,7668,2467,3.11,0.831,9227.0,6,7,0.48,1.0,673,1
BIZ_0036,Bizerte,mixed,residential,37.31048,9.95791,10182,3204,3.18,1.096,9288.0,7,8,0.891,1.0,578,1
BIZ_0037,Bizerte,mixed,mixed,37.31276,9.82072,8886,2133,4.16,1.611,5517.1,13,17,0.796,1.3,1035,2
BIZ_0038,Bizerte,mixed,periphery,37.21981,9.87335,13868,4110,3.37,8.009,1731.5,5,19,0.245,0.8,872,1
BIZ_0039,Bizerte,mixed,residential,37.29313,9.92925,29388,7325,4.01,0.902,32579.3,7,39,0.436,1.0,2286,1
BIZ_0040,Bizerte,mixed,periphery,37.25328,9.91585,5521,1436,3.84,1.91,2890.8,0,6,0.8,0.8,394,1
BIZ_0041,Bizerte,mixed,residential,37.32162,9.83246,19101,5385,3.55,2.143,8912.8,3,21,0.235,1.0,1752,1
BIZ_0042,Bizerte,mixed,park,37.30114,9.87674,13547,4149,3.26,1.277,10609.6,3,13,0.615,0.9,1525,2
BIZ_0043,Bizerte,mixed,commercial,37.23371,9.92351,16622,6323,2.63,0.818,20315.8,29,22,0.449,1.6,2789,2
BIZ_0044,Bizerte,mixed,residential,37.41522,9.80705,9346,2581,3.62,0.987,9467.3,6,9,0.065,1.0,820,1
BIZ_0045,Bizerte,mixed,periphery,37.37413,9.88727,6608,1855,3.56,4.235,1560.3,4,8,0.551,0.8,482,1
BIZ_0046,Bizerte,mixed,park,37.16971,9.92169,9304,2974,3.13,1.253,7426.2,3,19,0.538,0.9,794,1
BIZ_0047,Bizerte,mixed,mixed,37.28999,9.86212,21554,6399,3.37,2.202,9787.9,17,27,0.594,1.3,2591,2
BIZ_0048,Bizerte,mixed,park,37.15375,9.8046,15006,5890,2.55,1.276,11758.0,0,18,0.793,0.9,1180,1
BIZ_0049,Bizerte,mixed,park,37.27121,9.89751,10570,3001,3.52,1.808,5845.5,2,14,0.176,0.9,933,1
BEJ_0000,Beja,rural,residential,36.73888,9.15267,6011,1995,3.01,0.359,16735.6,4,5,0.776,1.0,611,2
BEJ_0001,Beja,rural,mixed,36.73968,9.22446,6399,1915,3.34,0.287,22281.0,9,6,0.164,1.3,707,2
BEJ_0002,Beja,rural,periphery,36.71409,9.16147,5660,1491,3.8,2.088,2710.8,3,7,0.715,0.8,514,1
BEJ_0003,Beja,rural,periphery,36.68385,9.27371,5863,1431,4.1,1.472,3982.7,2,6,0.68,0.8,449,1
BEJ_0004,Beja,rural,residential,36.69644,9.19992,4500,1689,2.66,0.617,7287.9,4,4,0.619,1.0,324,1
BEJ_0005,Beja,rural,residential,36.7874,9.16526,2698,811,3.32,4.458,605.2,5,4,0.106,1.0,180,1
BEJ_0006,Beja,rural,residential,36.70364,9.23108,5602,1552,3.61,0.44,12735.7,3,5,0.851,1.0,609,2
BEJ_0007,Beja,rural,mixed,36.69933,9.05711,2895,667,4.34,3.736,774.9,9,4,0.743,1.3,359,2
BEJ_0008,Beja,rural,residential,36.7301,9.09438,5621,1394,4.03,2.76,2036.5,4,10,0.812,1.0,441,1
BEJ_0009,Beja,rural,periphery,36.72604,9.23057,6885,2256,3.05,4.446,1548.7,2,10,0.469,0.8,543,1
BEJ_0010,Beja,rural,residential,36.67724,9.29242,2635,957,2.75,6.603,399.1,4,1,0.719,1.0,147,1
BEJ_0011,Beja,rural,residential,36.78662,9.18671,6172,2194,2.81,3.709,1664.1,9,6,0.791,1.0,464,1
BEJ_0012,Beja,rural,periphery,36.75194,9.22518,13434,4177,3.22,0.742,18109.5,1,13,0.54,0.8,1152,1
BEJ_0013,Beja,rural,residential,36.68293,9.29093,3632,960,3.78,2.419,1501.7,4,5,0.408,1.0,335,1
BEJ_0014,Beja,rural,park,36.63073,9.14581,9536,2777,3.43,0.94,10147.2,3,4,0.359,0.9,812,1
BEJ_0015,Beja,rural,periphery,36.82866,9.16426,2971,840,3.53,1.319,2252.4,2,1,0.477,0.8,208,1
BEJ_0016,Beja,rural,periphery,36.7673,9.12574,6071,1422,4.27,3.032,2002.1,1,12,0.726,0.8,370,1
BEJ_0017,Beja,rural,park,36.80495,9.11716,8091,2946,2.75,1.974,4098.2,4,13,0.437,0.9,589,1
BEJ_0018,Beja,rural,residential,36.73753,9.12533,6922,1989,3.48,1.03,6719.3,2,8,0.688,1.0,636,1
BEJ_0019,Beja,rural,periphery,36.73339,9.14391,5105,1991,2.56,1.504,3393.3,1,6,0.787,0.8,371,1
BEJ_0020,Beja,rural,residential,36.69744,9.18419,9754,2358,4.14,3.943,2473.8,4,12,0.588,1.0,979,2
BEJ_0021,Beja,rural,residential,36.74842,9.17407,2081,607,3.43,2.944,706.9,4,3,0.524,1.0,164,1
BEJ_0022,Beja,rural,residential,36.67905,9.13546,2623,737,3.55,9.882,265.4,10,2,0.278,1.0,210,1
BEJ_0023,Beja,rural,park,36.64683,9.15648,2554,570,4.48,0.392,6517.3,0,5,0.55,0.9,194,1
BEJ_0024,Beja,rural,residential,36.73229,9.15817,4601,1558,2.95,3.622,1270.2,1,7,0.395,1.0,326,1
BEJ_0025,Beja,rural,residential,36.60757,9.22158,3524,1053,3.34,3.728,945.3,7,5,0.225,1.0,268,1
BEJ_0026,Beja,rural,residential,36.70588,9.21995,5443,1796,3.03,0.277,19635.9,3,10,0.726,1.0,611,2
BEJ_0027,Beja,rural,residential,36.70319,9.13002,3672,1101,3.33,1.549,2370.2,6,5,0.412,1.0,354,1
BEJ_0028,Beja,rural,mixed,36.71456,9.20457,3313,938,3.53,5.177,639.9,18,4,0.761,1.3,467,2
BEJ_0029,Beja,rural,residential,36.67201,9.28569,3811,1299,2.93,3.284,1160.6,2,5,0.389,1.0,296,1
BEJ_0030,Beja,rural,residential,36.76185,9.19089,10520,2726,3.86,0.591,17803.3,8,12,0.837,1.0,1074,2
BEJ_0031,Beja,rural,residential,36.75719,9.09929,8568,2614,3.28,3.592,2385.3,4,13,0.67,1.0,642,1
BEJ_0032,Beja,rural,residential,36.78224,9.15637,24351,8168,2.98,3.383,7198.6,5,30,0.945,1.0,2347,1
BEJ_0033,Beja,rural,periphery,36.78092,9.19988,2455,600,4.09,1.437,1708.2,2,1,0.477,0.8,172,1
BEJ_0034,Beja,rural,periphery,36.73902,9.13805,5335,1884,2.83,0.38,14029.2,4,10,0.816,0.8,493,1
BEJ_0035,Beja,rural,periphery,36.75341,9.19339,5051,1346,3.75,1.368,3691.6,4,5,0.442,0.8,270,1
BEJ_0036,Beja,rural,park,36.75239,9.08702,4605,1226,3.75,2.47,1864.3,2,6,0.591,0.9,360,1
BEJ_0037,Beja,rural,periphery,36.70966,9.10027,3726,1198,3.11,3.394,1097.7,1,1,0.535,0.8,213,1
BEJ_0038,Beja,rural,residential,36.71027,9.18847,2855,952,3.0,1.699,1680.4,4,4,0.415,1.0,165,1
BEJ_0039,Beja,rural,periphery,36.7146,9.13937,3437,1152,2.98,5.082,676.3,2,4,0.745,0.8,252,1
BEJ_0040,Beja,rural,periphery,36.6575,9.23527,9792,2555,3.83,2.342,4181.6,1,14,0.559,0.8,669,1
BEJ_0041,Beja,rural,residential,36.65532,9.22678,6216,1724,3.6,0.373,16661.6,4,6,0.252,1.0,482,1
BEJ_0042,Beja,rural,park,36.67484,9.196,5119,1471,3.48,1.091,4693.8,0,8,0.239,0.9,244,0
BEJ_0043,Beja,rural,residential,36.71395,9.2429,2788,650,4.28,6.234,447.2,7,1,0.449,1.0,187,1
BEJ_0044,Beja,rural,residential,36.63635,9.1676,5506,1299,4.24,2.02,2726.0,7,7,0.34,1.0,511,1
BEJ_0045,Beja,rural,residential,36.65338,9.20808,10240,4938,2.07,2.273,4504.7,5,12,0.346,1.0,538,1
BEJ_0046,Beja,rural,residential,36.72591,9.23648,9572,2579,3.71,3.046,3142.0,5,13,0.455,1.0,1147,2
BEJ_0047,Beja,rural,residential,36.70632,9.20112,6253,2325,2.69,0.897,6968.2,5,6,0.583,1.0,441,1
BEJ_0048,Beja,rural,residential,36.72172,9.20085,5183,1918,2.7,2.777,1866.4,2,6,0.433,1.0,389,1
BEJ_0049,Beja,rural,residential,36.79023,9.18919,5737,1571,3.65,4.721,1215.1,8,3,0.539,1.0,496,1
JEN_0000,Jendouba,rural,mixed,36.50917,8.7522,13501,3472,3.89,1.67,8083.8,6,13,0.388,1.3,1303,1
JEN_0001,Jendouba,rural,residential,36.44385,8.75733,4849,1607,3.02,1.351,3590.4,3,8,0.715,1.0,436,1
JEN_0002,Jendouba,rural,residential,36.55117,8.82971,11907,2950,4.03,1.971,6040.5,3,18,0.402,1.0,1145,1
JEN_0003,Jendouba,rural,periphery,36.52621,8.75893,9989,4432,2.25,5.076,1967.8,2,7,0.454,0.8,730,1
JEN_0004,Jendouba,rural,park,36.47724,8.75363,12687,3460,3.67,1.942,6533.6,4,13,0.311,0.9,844,1
JEN_0005,Jendouba,rural,residential,36.5161,8.86053,13222,4242,3.12,9.102,1452.7,9,15,0.299,1.0,1054,1
JEN_0006,Jendouba,rural,park,36.53771,8.75689,7778,2677,2.91,0.487,15968.5,2,10,0.782,0.9,819,2
JEN_0007,Jendouba,rural,periphery,36.47777,8.747,4880,1269,3.84,2.029,2405.7,0,9,0.874,0.8,321,1
JEN_0008,Jendouba,rural,residential,36.5271,8.75031,10544,3788,2.78,6.773,1556.7,4,18,0.422,1.0,838,1
JEN_0009,Jendouba,rural,park,36.4891,8.74619,4002,1145,3.49,1.038,3854.7,0,4,0.798,0.9,285,1
JEN_0010,Jendouba,rural,residential,36.53306,8.82671,4529,1155,3.92,3.255,1391.5,1,9,0.744,1.0,330,1
JEN_0011,Jendouba,rural,residential,36.42063,8.78735,22230,6126,3.63,1.296,17151.8,7,26,0.38,1.0,2317,2
JEN_0012,Jendouba,rural,residential,36.52907,8.7241,19702,4611,4.27,1.186,16608.5,3,25,0.712,1.0,1868,1
JEN_0013,Jendouba,rural,residential,36.55544,8.7137,13574,3848,3.53,0.924,14691.7,4,12,0.443,1.0,1179,1
JEN_0014,Jendouba,rural,residential,36.58145,8.77095,30418,9230,3.3,0.667,45599.1,3,42,0.539,1.0,3135,2
JEN_0015,Jendouba,rural,mixed,36.567,8.82602,3621,919,3.94,1.283,2822.4,11,1,0.401,1.3,304,1
JEN_0016,Jendouba,rural,periphery,36.5819,8.74563,14532,4568,3.18,0.966,15046.1,1,15,0.774,0.8,1345,1
JEN_0017,Jendouba,rural,residential,36.47801,8.77649,8531,1764,4.83,2.534,3366.0,4,15,0.482,1.0,742,1
JEN_0018,Jendouba,rural,residential,36.52157,8.73624,22469,5042,4.46,4.7,4780.7,4,31,0.884,1.0,1640,1
JEN_0019,Jendouba,rural,residential,36.48125,8.73602,4019,1435,2.8,2.268,1771.8,3,4,0.786,1.0,313,1
JEN_0020,Jendouba,rural,mixed,36.50025,8.7353,9063,2349,3.86,2.139,4236.6,13,13,0.376,1.3,1249,2
JEN_0021,Jendouba,rural,residential,36.55431,8.85811,8691,2178,3.99,1.077,8067.1,3,12,0.944,1.0,686,1
JEN_0022,Jendouba,rural,park,36.40655,8.81648,9547,3517,2.71,0.488,19571.9,4,16,0.238,0.9,1081,2
JEN_0023,Jendouba,rural,park,36.51381,8.73104,4265,1059,4.03,5.971,714.2,2,2,0.472,0.9,310,1
JEN_0024,Jendouba,rural,residential,36.60186,8.72889,7628,3008,2.54,3.294,2315.4,7,11,0.598,1.0,551,1
JEN_0025,Jendouba,rural,periphery,36.4998,8.83237,5059,1041,4.86,1.299,3893.9,1,2,0.468,0.8,354,1
JEN_0026,Jendouba,rural,residential,36.56911,8.6813,3218,1068,3.01,0.44,7320.6,8,4,0.59,1.0,297,1
JEN_0027,Jendouba,rural,park,36.34095,8.79778,11556,3590,3.22,2.514,4596.9,4,11,0.436,0.9,912,1
JEN_0028,Jendouba,rural,residential,36.59689,8.77231,3648,1117,3.27,8.093,450.7,7,4,0.891,1.0,268,1
JEN_0029,Jendouba,rural,residential,36.40294,8.75583,8619,2105,4.09,2.856,3017.7,5,14,0.115,1.0,1050,2
JEN_0030,Jendouba,rural,mixed,36.41349,8.72365,6343,1833,3.46,2.588,2450.6,11,12,0.662,1.3,563,1
JEN_0031,Jendouba,rural,periphery,36.5651,8.81033,3686,1084,3.4,6.36,579.6,0,3,0.938,0.8,270,1
JEN_0032,Jendouba,rural,park,36.40613,8.70444,7981,2367,3.37,4.963,1608.0,1,5,0.497,0.9,646,1
JEN_0033,Jendouba,rural,periphery,36.49785,8.81044,5849,1468,3.98,1.959,2985.6,0,7,0.642,0.8,374,1
JEN_0034,Jendouba,rural,mixed,36.52367,8.67772,28817,8230,3.5,0.975,29555.3,14,37,0.357,1.3,4425,2
JEN_0035,Jendouba,rural,residential,36.55649,8.83163,28442,7195,3.95,1.598,17799.7,6,33,0.196,1.0,2946,2
JEN_0036,Jendouba,rural,mixed,36.47917,8.79495,21776,10764,2.02,0.891,24433.7,8,23,0.625,1.3,3133,2
JEN_0037,Jendouba,rural,periphery,36.4461,8.85496,1844,452,4.07,0.675,2733.1,0,1,0.78,0.8,108,1
JEN_0038,Jendouba,rural,residential,36.64915,8.81422,15744,4786,3.29,4.36,3611.3,4,25,0.58,1.0,1890,2
JEN_0039,Jendouba,rural,mixed,36.43728,8.73708,16988,5049,3.36,0.796,21332.9,12,21,0.273,1.3,2772,2
JEN_0040,Jendouba,rural,residential,36.52521,8.80846,5246,1724,3.04,1.155,4540.5,8,10,0.242,1.0,524,1
JEN_0041,Jendouba,rural,periphery,36.47102,8.73393,10312,2628,3.92,1.755,5876.2,1,9,0.243,0.8,1068,2
JEN_0042,Jendouba,rural,park,36.53559,8.69224,11076,3001,3.69,6.249,1772.3,2,19,0.828,0.9,975,1
JEN_0043,Jendouba,rural,park,36.44529,8.82946,2756,813,3.39,0.146,18891.9,4,2,0.747,0.9,193,1
JEN_0044,Jendouba,rural,residential,36.59025,8.91761,11074,3972,2.79,0.945,11718.6,4,17,0.371,1.0,1194,2
JEN_0045,Jendouba,rural,periphery,36.46094,8.80488,12539,3314,3.78,0.712,17617.4,3,11,0.702,0.8,1010,1
JEN_0046,Jendouba,rural,residential,36.38972,8.78777,6992,2186,3.2,1.576,4437.3,6,8,0.283,1.0,796,2
JEN_0047,Jendouba,rural,park,36.49582,8.75936,7086,2134,3.32,0.887,7984.4,0,6,0.659,0.9,589,1
JEN_0048,Jendouba,rural,residential,36.51392,8.86724,4944,2339,2.11,2.398,2061.3,8,5,0.72,1.0,335,1
JEN_0049,Jendouba,rural,periphery,36.4395,8.79659,5246,1461,3.59,0.32,16396.1,0,7,0.856,0.8,359,1
KEF_0000,Kef,rural,residential,36.19111,8.80486,2697,861,3.13,1.711,1576.0,1,5,0.188,1.0,186,1
KEF_0001,Kef,rural,periphery,36.19215,8.62295,2904,830,3.5,0.781,3717.7,2,1,0.461,0.8,189,1
KEF_0002,Kef,rural,residential,36.23346,8.74236,2803,794,3.53,2.471,1134.3,4,3,0.815,1.0,249,1
KEF_0003,Kef,rural,residential,36.22371,8.72174,10233,2593,3.95,5.192,1971.0,8,12,0.785,1.0,887,1
KEF_0004,Kef,rural,residential,36.22887,8.74247,4010,1261,3.18,1.205,3326.9,4,2,0.719,1.0,475,2
KEF_0005,Kef,rural,residential,36.13032,8.78622,7852,2533,3.1,2.896,2711.0,5,8,0.252,1.0,653,1
KEF_0006,Kef,rural,periphery,36.07136,8.64996,2953,1197,2.47,1.212,2436.1,1,4,0.335,0.8,203,1
KEF_0007,Kef,rural,periphery,36.19072,8.6945,9189,2368,3.88,0.955,9620.1,3,10,0.822,0.8,567,1
KEF_0008,Kef,rural,residential,36.2092,8.74944,3568,1297,2.75,1.023,3488.9,6,4,0.424,1.0,398,2
KEF_0009,Kef,rural,residential,36.13591,8.69402,8123,2022,4.02,2.777,2924.7,1,14,0.114,1.0,891,2
KEF_0010,Kef,rural,residential,36.24021,8.78778,5050,1657,3.05,0.479,10553.0,8,7,0.829,1.0,478,1
KEF_0011,Kef,rural,mixed,36.19999,8.7195,11187,3088,3.62,14.415,776.1,6,14,0.856,1.3,1382,2
KEF_0012,Kef,rural,residential,36.23233,8.75357,4350,1294,3.36,2.872,1514.5,9,10,0.729,1.0,397,1
KEF_0013,Kef,rural,residential,36.15801,8.71622,7798,2561,3.04,0.564,13822.0,7,10,0.39,1.0,603,1
KEF_0014,Kef,rural,residential,36.22054,8.72365,6485,2284,2.84,3.601,1801.1,1,11,0.832,1.0,528,1
KEF_0015,Kef,rural,periphery,36.17011,8.6952,5023,1481,3.39,2.894,1735.4,1,3,0.663,0.8,327,1
KEF_0016,Kef,rural,residential,36.2224,8.66843,2232,686,3.25,0.6,3721.0,7,3,0.695,1.0,171,1
KEF_0017,Kef,rural,residential,36.1289,8.85021,1244,329,3.77,16.316,76.2,4,2,0.171,1.0,77,1
KEF_0018,Kef,rural,periphery,36.20548,8.69862,6001,1836,3.27,0.362,16567.3,1,9,0.097,0.8,616,2
KEF_0019,Kef,rural,residential,36.20834,8.7313,10061,2924,3.44,4.5,2235.8,6,11,0.132,1.0,923,1
KEF_0020,Kef,rural,periphery,36.19738,8.77453,4652,1233,3.77,0.95,4896.8,1,1,0.539,0.8,370,1
KEF_0021,Kef,rural,residential,36.29494,8.78377,6007,1551,3.87,0.279,21494.2,4,7,0.261,1.0,608,2
KEF_0022,Kef,rural,periphery,36.23169,8.66597,2945,958,3.07,2.477,1188.7,0,2,0.529,0.8,182,1
KEF_0023,Kef,rural,residential,36.155,8.68876,10170,2235,4.55,3.759,2705.4,3,15,0.232,1.0,1051,2
KEF_0024,Kef,rural,periphery,36.17311,8.66907,3226,826,3.9,0.794,4063.2,2,4,0.091,0.8,238,1
KEF_0025,Kef,rural,periphery,36.17111,8.7912,6085,1605,3.79,3.127,1946.2,0,9,0.353,0.8,345,1
KEF_0026,Kef,rural,periphery,36.12647,8.55207,5443,1281,4.25,0.387,14068.3,3,5,0.654,0.8,451,1
KEF_0027,Kef,rural,periphery,36.17747,8.72613,5282,1803,2.93,1.57,3364.2,1,7,0.902,0.8,321,1
KEF_0028,Kef,rural,residential,36.15959,8.71815,8331,2139,3.89,1.756,4743.4,3,8,0.514,1.0,616,1
KEF_0029,Kef,rural,mixed,36.1817,8.70487,6806,1645,4.14,0.314,21664.8,10,6,0.544,1.3,1088,2
KEF_0030,Kef,rural,periphery,36.14795,8.65648,10624,2861,3.71,2.345,4530.5,2,14,0.126,0.8,849,1
KEF_0031,Kef,rural,residential,36.15545,8.68654,7197,2100,3.43,10.576,680.5,2,10,0.16,1.0,734,2
KEF_0032,Kef,rural,residential,36.27524,8.68775,2149,749,2.87,1.425,1508.2,4,1,0.754,1.0,186,1
KEF_0033,Kef,rural,park,36.20421,8.62814,8028,2652,3.03,0.797,10071.8,3,17,0.278,0.9,832,2
KEF_0034,Kef,rural,mixed,36.18417,8.73675,4040,1464,2.76,0.679,5949.4,9,5,0.242,1.3,490,2
KEF_0035,Kef,rural,residential,36.23795,8.70937,7681,2201,3.49,0.45,17078.0,6,9,0.759,1.0,927,2
KEF_0036,Kef,rural,residential,36.17238,8.67086,5168,1447,3.57,0.584,8845.2,8,9,0.258,1.0,438,1
KEF_0037,Kef,rural,residential,36.18641,8.72045,7025,2582,2.72,1.344,5226.2,5,10,0.263,1.0,562,1
KEF_0038,Kef,rural,residential,36.12119,8.61499,4573,1182,3.87,1.188,3848.3,8,12,0.585,1.0,366,1
KEF_0039,Kef,rural,periphery,36.12061,8.67146,19021,4834,3.93,3.219,5908.3,2,27,0.479,0.8,1513,1
KEF_0040,Kef,rural,residential,36.17957,8.6786,5636,1485,3.79,7.197,783.2,2,6,0.775,1.0,464,1
KEF_0041,Kef,rural,periphery,36.26958,8.67694,3768,1479,2.55,0.528,7141.2,3,9,0.505,0.8,272,1
KEF_0042,Kef,rural,periphery,36.17521,8.68756,3193,918,3.47,0.759,4205.0,4,4,0.949,0.8,261,1
KEF_0043,Kef,rural,mixed,36.19062,8.69018,4775,1413,3.38,0.336,14230.0,16,11,0.52,1.3,731,2
KEF_0044,Kef,rural,periphery,36.1522,8.75288,2746,627,4.38,0.572,4802.2,3,2,0.506,0.8,205,1
KEF_0045,Kef,rural,periphery,36.18017,8.63609,5460,1349,4.04,2.365,2308.6,1,7,0.474,0.8,481,1
KEF_0046,Kef,rural,residential,36.14509,8.72376,6225,2229,2.79,0.571,10897.2,9,14,0.068,1.0,687,2
KEF_0047,Kef,rural,residential,36.17279,8.73453,5419,1455,3.72,1.437,3771.6,5,6,0.52,1.0,422,1
KEF_0048,Kef,rural,residential,36.22437,8.71017,10414,3608,2.89,0.672,15501.8,6,14,0.328,1.0,962,1
KEF_0049,Kef,rural,residential,36.04397,8.7805,11452,4015,2.85,1.039,11022.6,7,14,0.38,1.0,1393,2
SIL_0000,Siliana,rural,park,36.14481,9.46034,5082,1521,3.34,2.983,1703.4,3,6,0.702,0.9,389,1
SIL_0001,Siliana,rural,periphery,36.08515,9.40023,1527,343,4.45,2.794,546.5,1,1,0.318,0.8,110,1
SIL_0002,Siliana,rural,periphery,36.109,9.44016,5813,1426,4.07,1.1,5284.7,2,5,0.42,0.8,483,1
SIL_0003,Siliana,rural,residential,36.08878,9.39453,6523,1734,3.76,0.91,7164.9,6,8,0.864,1.0,606,1
SIL_0004,Siliana,rural,residential,36.14796,9.46125,6786,1965,3.45,2.328,2915.5,7,12,0.968,1.0,659,1
SIL_0005,Siliana,rural,residential,36.06461,9.35544,4029,909,4.43,3.813,1056.6,3,4,0.113,1.0,361,1
SIL_0006,Siliana,rural,periphery,36.0844,9.3221,1706,448,3.81,2.614,652.5,2,2,0.859,0.8,95,1
SIL_0007,Siliana,rural,periphery,36.02938,9.31261,6577,2475,2.66,1.413,4655.0,0,11,0.645,0.8,561,1
SIL_0008,Siliana,rural,residential,36.11314,9.36411,2592,825,3.14,3.383,766.1,7,4,0.34,1.0,270,2
SIL_0009,Siliana,rural,periphery,36.08163,9.43068,2543,659,3.85,4.567,556.8,3,4,0.301,0.8,177,1
SIL_0010,Siliana,rural,mixed,36.08851,9.37883,7181,2416,2.97,1.937,3706.4,13,9,0.558,1.3,466,1
SIL_0011,Siliana,rural,periphery,36.01284,9.40291,2581,748,3.45,2.769,932.0,1,1,0.156,0.8,223,1
SIL_0012,Siliana,rural,mixed,36.11117,9.33097,6374,2082,3.06,0.429,14867.7,14,4,0.548,1.3,835,2
SIL_0013,Siliana,rural,park,36.03151,9.29398,5035,1414,3.56,1.361,3698.1,2,4,0.076,0.9,480,1
SIL_0014,Siliana,rural,residential,36.08178,9.34824,6808,1909,3.57,4.958,1373.0,5,13,0.445,1.0,710,2
SIL_0015,Siliana,rural,mixed,36.10576,9.39746,5023,1164,4.31,4.111,1221.7,11,3,0.603,1.3,490,1
SIL_0016,Siliana,rural,periphery,36.07121,9.31307,2525,871,2.9,1.734,1455.9,6,1,0.627,0.8,133,1
SIL_0017,Siliana,rural,park,36.08972,9.38901,5450,1591,3.42,1.923,2834.7,1,7,0.798,0.9,441,1
SIL_0018,Siliana,rural,periphery,36.13218,9.40633,5348,1513,3.53,1.117,4787.8,1,11,0.823,0.8,390,1
SIL_0019,Siliana,rural,residential,36.00698,9.33207,9729,3580,2.72,1.177,8263.4,5,11,0.456,1.0,1091,2
SIL_0020,Siliana,rural,residential,36.08939,9.30633,4242,1338,3.17,1.55,2736.7,9,4,0.309,1.0,365,1
SIL_0021,Siliana,rural,periphery,36.00779,9.45485,1556,469,3.31,3.33,467.3,3,4,0.687,0.8,79,1
SIL_0022,Siliana,rural,park,36.11922,9.32702,2695,707,3.81,2.59,1040.4,2,2,0.578,0.9,186,1
SIL_0023,Siliana,rural,mixed,36.014,9.38209,3163,1252,2.52,1.263,2505.0,14,3,0.55,1.3,300,1
SIL_0024,Siliana,rural,residential,36.09424,9.38764,3808,1061,3.59,1.406,2708.4,7,5,0.408,1.0,375,1
SIL_0025,Siliana,rural,residential,36.00775,9.35283,1847,483,3.82,2.811,657.0,4,5,0.593,1.0,184,1
SIL_0026,Siliana,rural,residential,36.13364,9.34067,4897,1354,3.61,0.672,7290.8,7,11,0.733,1.0,453,1
SIL_0027,Siliana,rural,park,36.07142,9.30713,4530,1275,3.55,4.204,1077.5,0,7,0.235,0.9,380,1
SIL_0028,Siliana,rural,periphery,36.05257,9.46407,1296,362,3.57,4.837,267.9,0,1,0.65,0.8,65,1
SIL_0029,Siliana,rural,residential,36.0825,9.36006,4683,1217,3.85,1.315,3561.5,4,11,0.16,1.0,446,1
SIL_0030,Siliana,rural,periphery,36.0456,9.39382,4414,1324,3.33,2.272,1943.1,1,5,0.097,0.8,294,1
SIL_0031,Siliana,rural,residential,36.16528,9.36392,10979,3418,3.21,1.513,7256.4,6,14,0.688,1.0,1012,1
SIL_0032,Siliana,rural,residential,36.05002,9.30015,5140,1215,4.23,5.126,1002.8,3,9,0.46,1.0,562,2
SIL_0033,Siliana,rural,residential,36.12146,9.36684,6685,1795,3.72,5.992,1115.7,2,8,0.729,1.0,705,2
SIL_0034,Siliana,rural,residential,36.07923,9.41799,5392,2519,2.14,0.838,6431.8,11,7,0.303,1.0,439,1
SIL_0035,Siliana,rural,residential,36.02744,9.42625,6358,1758,3.62,2.732,2327.4,6,8,0.488,1.0,533,1
SIL_0036,Siliana,rural,mixed,36.13826,9.37901,3596,877,4.1,0.968,3715.3,15,1,0.679,1.3,351,1
SIL_0037,Siliana,rural,residential,35.99285,9.38336,4374,1015,4.31,3.827,1143.0,8,8,0.672,1.0,458,2
SIL_0038,Siliana,rural,mixed,36.06167,9.37177,6729,2049,3.28,1.057,6367.7,10,5,0.582,1.3,580,1
SIL_0039,Siliana,rural,residential,36.03545,9.43749,4455,1164,3.83,2.241,1988.3,4,8,0.731,1.0,301,1
SIL_0040,Siliana,rural,park,36.06634,9.34283,5457,1735,3.14,0.591,9228.9,1,5,0.314,0.9,449,1
SIL_0041,Siliana,rural,residential,36.1201,9.38088,2868,747,3.84,0.84,3415.3,7,5,0.467,1.0,166,1
SIL_0042,Siliana,rural,park,36.0495,9.3775,12073,3404,3.55,0.898,13447.8,0,16,0.892,0.9,961,1
SIL_0043,Siliana,rural,park,36.03514,9.34781,2535,631,4.02,1.313,1931.0,6,3,0.691,0.9,176,1
SIL_0044,Siliana,rural,residential,36.07361,9.33183,5422,1689,3.21,2.469,2196.1,1,5,0.761,1.0,604,2
SIL_0045,Siliana,rural,periphery,36.09179,9.41745,3432,871,3.94,1.407,2439.4,2,3,0.37,0.8,249,1
SIL_0046,Siliana,rural,periphery,36.18046,9.31911,6203,1860,3.33,0.496,12499.3,3,9,0.544,0.8,533,1
SIL_0047,Siliana,rural,residential,36.04884,9.38933,8182,2552,3.21,1.43,5722.0,5,6,0.635,1.0,625,1
SIL_0048,Siliana,rural,periphery,36.12076,9.35133,10953,2817,3.89,2.195,4989.2,2,20,0.563,0.8,605,1
SIL_0049,Siliana,rural,periphery,36.05968,9.42078,4123,1326,3.11,1.193,3456.6,1,3,0.423,0.8,301,1
SOU_0000,Sousse,urban,mixed,35.77178,10.65509,5743,1615,3.55,0.991,5797.8,12,8,0.507,1.3,653,2
SOU_0001,Sousse,urban,industrial,35.84394,10.62768,23552,8986,2.62,1.06,22228.3,0,21,0.621,0.7,2010,1
SOU_0002,Sousse,urban,residential,35.84562,10.71481,7004,1801,3.89,2.307,3035.8,10,6,0.357,1.0,448,1
SOU_0003,Sousse,urban,commercial,35.87511,10.6153,10472,2555,4.1,2.054,5097.3,26,13,0.67,1.6,1871,2
SOU_0004,Sousse,urban,residential,35.9174,10.68554,11305,3136,3.6,1.437,7866.8,5,17,0.709,1.0,984,1
SOU_0005,Sousse,urban,commercial,35.88453,10.62597,19418,5888,3.3,7.23,2685.6,24,36,0.808,1.6,2578,2
SOU_0006,Sousse,urban,mixed,35.8536,10.58564,36655,8963,4.09,2.221,16507.5,12,40,0.387,1.3,6214,2
SOU_0007,Sousse,urban,residential,35.88667,10.74816,20342,6228,3.27,0.93,21884.2,4,29,0.66,1.0,1796,1
SOU_0008,Sousse,urban,industrial,35.78961,10.59349,17824,5262,3.39,4.38,4069.0,0,22,0.502,0.7,1144,1
SOU_0009,Sousse,urban,park,35.78272,10.55549,17075,4807,3.55,2.28,7490.1,1,21,0.541,0.9,1497,1
SOU_0010,Sousse,urban,residential,35.80941,10.69862,12313,3919,3.14,3.324,3703.8,4,13,0.47,1.0,1256,2
SOU_0011,Sousse,urban,residential,35.89327,10.62476,11304,2389,4.73,2.742,4123.0,4,16,0.555,1.0,922,1
SOU_0012,Sousse,urban,mixed,35.78184,10.73801,8957,2231,4.01,0.562,15929.7,5,16,0.274,1.3,1605,2
SOU_0013,Sousse,urban,residential,35.81811,10.56231,12858,3986,3.23,2.224,5781.8,3,16,0.826,1.0,1075,1
SOU_0014,Sousse,urban,industrial,35.89759,10.61149,19234,4735,4.06,1.837,10470.3,2,25,0.404,0.7,1481,1
SOU_0015,Sousse,urban,commercial,35.85628,10.71023,11790,3424,3.44,4.374,2695.7,27,21,0.643,1.6,1428,2
SOU_0016,Sousse,urban,commercial,35.80991,10.76252,29885,11209,2.67,2.43,12299.6,29,33,0.719,1.6,4800,2
SOU_0017,Sousse,urban,residential,35.75523,10.63274,17886,5220,3.43,1.203,14869.8,7,26,0.129,1.0,2026,2
SOU_0018,Sousse,urban,industrial,35.84262,10.70905,15364,5178,2.97,1.496,10269.8,0,23,0.814,0.7,1158,1
SOU_0019,Sousse,urban,residential,35.79795,10.6501,7127,1747,4.08,1.831,3893.5,6,9,0.76,1.0,604,1
SOU_0020,Sousse,urban,commercial,35.82818,10.67116,19874,6111,3.25,3.478,5714.2,14,23,0.477,1.6,2016,2
SOU_0021,Sousse,urban,commercial,35.90882,10.55775,2985,950,3.14,1.924,1551.5,20,8,0.222,1.6,420,2
SOU_0022,Sousse,urban,industrial,35.81424,10.73469,11804,3209,3.68,0.658,17926.6,1,9,0.661,0.7,812,1
SOU_0023,Sousse,urban,park,35.88103,10.62934,42754,14288,2.99,2.244,19054.3,3,64,0.106,0.9,4211,1
SOU_0024,Sousse,urban,residential,35.79799,10.59989,13523,3989,3.39,0.843,16043.3,5,21,0.526,1.0,1652,2
SOU_0025,Sousse,urban,residential,35.85928,10.60404,10750,3234,3.32,0.85,12647.4,7,10,0.459,1.0,1101,2
SOU_0026,Sousse,urban,residential,35.89996,10.61583,18147,4794,3.78,0.63,28803.4,3,23,0.492,1.0,2139,2
SOU_0027,Sousse,urban,industrial,35.84738,10.66322,13900,4816,2.89,0.632,22004.6,1,16,0.108,0.7,863,1
SOU_0028,Sousse,urban,residential,35.8435,10.58013,8837,2698,3.27,3.482,2537.6,4,5,0.463,1.0,754,1
SOU_0029,Sousse,urban,residential,35.82735,10.64809,23401,5454,4.29,1.573,14878.8,9,34,0.656,1.0,2123,1
SOU_0030,Sousse,urban,commercial,35.86791,10.57285,13817,4265,3.24,2.116,6529.0,23,13,0.748,1.6,1374,1
SOU_0031,Sousse,urban,residential,35.77327,10.66853,32331,13088,2.47,2.256,14332.4,6,42,0.518,1.0,3615,2
SOU_0032,Sousse,urban,industrial,35.78858,10.59037,9839,3275,3.0,1.734,5672.6,0,11,0.661,0.7,670,1
SOU_0033,Sousse,urban,mixed,35.86261,10.60759,11271,2725,4.14,1.416,7958.9,15,16,0.304,1.3,1134,2
SOU_0034,Sousse,urban,commercial,35.78973,10.66079,8266,2653,3.11,0.333,24799.6,29,11,0.875,1.6,1570,2
SOU_0035,Sousse,urban,commercial,35.89793,10.6414,14724,4788,3.07,1.017,14475.1,14,22,0.491,1.6,1924,2
SOU_0036,Sousse,urban,industrial,35.80176,10.66006,7891,2116,3.73,0.787,10031.7,1,14,0.44,0.7,515,1
SOU_0037,Sousse,urban,commercial,35.85684,10.60245,14359,4233,3.39,0.4,35941.6,28,19,0.543,1.6,2033,2
SOU_0038,Sousse,urban,mixed,35.80295,10.58018,10308,3288,3.13,1.391,7410.8,12,16,0.491,1.3,1364,2
SOU_0039,Sousse,urban,commercial,35.8164,10.65463,16983,5064,3.35,5.775,2940.9,22,23,0.52,1.6,2862,2
SOU_0040,Sousse,urban,mixed,35.71987,10.60232,8692,2649,3.28,0.449,19358.2,12,14,0.222,1.3,1053,2
SOU_0041,Sousse,urban,mixed,35.79838,10.6689,10272,2978,3.45,1.82,5644.5,12,12,0.65,1.3,1135,2
SOU_0042,Sousse,urban,commercial,35.83331,10.57851,4904,1273,3.85,2.489,1970.4,22,1,0.176,1.6,734,2
SOU_0043,Sousse,urban,industrial,35.8759,10.5712,8040,2113,3.8,0.677,11876.9,0,9,0.439,0.7,579,1
SOU_0044,Sousse,urban,residential,35.77014,10.60487,19669,5113,3.85,1.368,14373.3,4,16,0.26,1.0,2187,2
SOU_0045,Sousse,urban,commercial,35.88712,10.68424,24746,7804,3.17,1.094,22627.5,38,29,0.476,1.6,3970,2
SOU_0046,Sousse,urban,residential,35.82234,10.64617,20955,6054,3.46,8.966,2337.2,8,18,0.555,1.0,1812,1
SOU_0047,Sousse,urban,park,35.70284,10.63581,8267,2480,3.33,1.957,4224.8,0,11,0.548,0.9,596,1
SOU_0048,Sousse,urban,commercial,35.89081,10.62607,14520,4341,3.34,2.156,6735.5,24,17,0.252,1.6,1405,1
SOU_0049,Sousse,urban,mixed,35.84205,10.6234,16740,4487,3.73,0.682,24557.6,5,18,0.869,1.3,2215,2
MON_0000,Monastir,urban,park,35.69738,10.84357,7222,2628,2.75,0.498,14514.8,4,2,0.718,0.9,746,2
MON_0001,Monastir,urban,park,35.74221,10.81036,11010,3295,3.34,2.698,4080.1,0,10,0.574,0.9,860,1
MON_0002,Monastir,urban,residential,35.72597,10.84055,17171,5095,3.37,0.59,29087.4,6,31,0.277,1.0,1875,2
MON_0003,Monastir,urban,park,35.76916,10.79844,13350,5726,2.33,0.375,35620.7,6,12,0.845,0.9,814,1
MON_0004,Monastir,urban,mixed,35.73727,10.81663,24120,7170,3.36,2.246,10741.4,16,32,0.694,1.3,2503,2
MON_0005,Monastir,urban,residential,35.79537,10.81508,14911,4635,3.22,1.323,11273.8,6,19,0.465,1.0,1845,2
MON_0006,Monastir,urban,mixed,35.74146,10.71191,13783,4428,3.11,1.193,11551.5,12,13,0.676,1.3,1684,2
MON_0007,Monastir,urban,residential,35.77626,10.74987,6764,1747,3.87,1.821,3715.3,6,9,0.818,1.0,517,1
MON_0008,Monastir,urban,mixed,35.83966,10.85082,15160,4084,3.71,1.049,14453.6,11,16,0.208,1.3,1811,2
MON_0009,Monastir,urban,residential,35.63944,10.87284,16987,4975,3.41,0.572,29677.0,5,19,0.423,1.0,2069,2
MON_0010,Monastir,urban,residential,35.73258,10.80199,9171,2324,3.95,1.668,5499.1,3,4,0.441,1.0,981,2
MON_0011,Monastir,urban,park,35.76467,10.81134,29689,8479,3.5,2.908,10211.0,1,38,0.493,0.9,2408,1
MON_0012,Monastir,urban,residential,35.78834,10.82187,14143,5576,2.54,1.343,10533.7,8,16,0.24,1.0,1664,2
MON_0013,Monastir,urban,industrial,35.72303,10.86992,6490,1611,4.03,1.525,4255.7,1,8,0.709,0.7,478,1
MON_0014,Monastir,urban,commercial,35.78454,10.83878,17644,5172,3.41,2.258,7812.8,22,23,0.259,1.6,2528,2
MON_0015,Monastir,urban,residential,35.68963,10.81636,8078,2134,3.78,4.663,1732.3,5,11,0.692,1.0,850,2
MON_0016,Monastir,urban,mixed,35.81426,10.80936,11745,3065,3.83,1.649,7122.4,12,14,0.899,1.3,1705,2
MON_0017,Monastir,urban,commercial,35.84104,10.78568,15342,5640,2.72,0.341,44993.2,27,19,0.774,1.6,2419,2
MON_0018,Monastir,urban,commercial,35.81092,10.8122,16503,4104,4.02,1.91,8638.7,13,23,0.725,1.6,2504,2
MON_0019,Monastir,urban,mixed,35.75887,10.88018,9013,2726,3.31,2.26,3988.4,9,10,0.818,1.3,957,2
MON_0020,Monastir,urban,residential,35.70835,10.83365,14903,4792,3.11,0.465,32069.4,6,22,0.676,1.0,1539,2
MON_0021,Monastir,urban,residential,35.78394,10.7935,8637,2401,3.6,0.571,15114.1,2,9,0.112,1.0,863,1
MON_0022,Monastir,urban,residential,35.75888,10.82629,9118,2944,3.1,0.374,24367.2,11,10,0.45,1.0,1047,2
MON_0023,Monastir,urban,commercial,35.82391,10.79772,13365,3188,4.19,1.013,13189.3,33,15,0.273,1.6,2714,2
MON_0024,Monastir,urban,mixed,35.72461,10.82331,7680,1940,3.96,6.921,1109.7,16,6,0.888,1.3,1141,2
MON_0025,Monastir,urban,residential,35.83422,10.82426,12979,3196,4.06,2.98,4355.3,4,23,0.67,1.0,1323,2
MON_0026,Monastir,urban,commercial,35.68087,10.73715,4656,1728,2.69,3.139,1483.3,34,5,0.87,1.6,664,2
MON_0027,Monastir,urban,residential,35.74293,10.87561,4305,1048,4.11,1.884,2285.3,4,6,0.211,1.0,418,1
MON_0028,Monastir,urban,residential,35.79595,10.77658,7710,2462,3.13,2.366,3259.0,5,10,0.694,1.0,637,1
MON_0029,Monastir,urban,industrial,35.83942,10.76199,5242,1523,3.44,1.64,3196.6,1,4,0.736,0.7,300,1
MON_0030,Monastir,urban,commercial,35.71373,10.92348,5303,1589,3.34,1.451,3655.8,18,3,0.927,1.6,743,2
MON_0031,Monastir,urban,residential,35.86703,10.88015,2991,872,3.43,1.289,2320.0,8,7,0.813,1.0,283,1
MON_0032,Monastir,urban,commercial,35.75106,10.78715,12403,3963,3.13,1.289,9622.4,27,15,0.54,1.6,1767,2
MON_0033,Monastir,urban,commercial,35.78544,10.75795,13687,3977,3.44,0.972,14085.1,25,13,0.508,1.6,1961,2
MON_0034,Monastir,urban,residential,35.73811,10.83755,7576,2135,3.55,1.366,5546.2,5,10,0.287,1.0,608,1
MON_0035,Monastir,urban,commercial,35.71685,10.77011,6238,2021,3.09,2.87,2173.7,33,6,0.766,1.6,820,2
MON_0036,Monastir,urban,commercial,35.82893,10.8261,8145,2037,4.0,2.5,3257.4,20,13,0.197,1.6,1285,2
MON_0037,Monastir,urban,park,35.80728,10.86607,14889,4340,3.43,0.763,19521.1,4,17,0.487,0.9,1233,1
MON_0038,Monastir,urban,mixed,35.75987,10.72674,7195,1923,3.74,0.627,11482.1,12,6,0.501,1.3,862,2
MON_0039,Monastir,urban,residential,35.75705,10.87525,12988,3037,4.28,0.555,23414.7,3,16,0.065,1.0,1241,1
MON_0040,Monastir,urban,commercial,35.79834,10.79208,13277,4263,3.11,1.706,7782.5,24,19,0.354,1.6,1174,1
MON_0041,Monastir,urban,commercial,35.81565,10.74319,15266,5131,2.97,9.84,1551.4,32,21,0.414,1.6,2084,2
MON_0042,Monastir,urban,residential,35.73913,10.85267,17588,7258,2.42,0.725,24245.0,6,30,0.429,1.0,1907,2
MON_0043,Monastir,urban,mixed,35.7437,10.83886,15932,5282,3.02,4.473,3561.4,21,16,0.535,1.3,2073,2
MON_0044,Monastir,urban,commercial,35.67641,10.86844,12101,3115,3.88,2.0,6050.6,24,6,0.844,1.6,1692,2
MON_0045,Monastir,urban,residential,35.74115,10.82327,12191,3006,4.06,0.886,13764.0,4,11,0.655,1.0,1591,2
MON_0046,Monastir,urban,commercial,35.7323,10.794,6222,1647,3.78,0.75,8298.3,34,14,0.298,1.6,761,2
MON_0047,Monastir,urban,commercial,35.83622,10.72838,13262,3914,3.39,0.954,13902.1,33,15,0.633,1.6,2386,2
MON_0048,Monastir,urban,park,35.70494,10.78087,10979,3233,3.4,1.257,8733.4,2,21,0.508,0.9,651,1
MON_0049,Monastir,urban,mixed,35.78286,10.76038,18161,5324,3.41,1.748,10388.5,9,27,0.561,1.3,2259,2
MAH_0000,Mahdia,mixed,residential,35.4393,11.07523,7514,2580,2.91,1.992,3771.2,10,11,0.867,1.0,617,1
MAH_0001,Mahdia,mixed,commercial,35.45703,11.0029,6398,2081,3.07,2.275,2811.9,37,15,0.86,1.6,893,2
MAH_0002,Mahdia,mixed,park,35.51339,11.04226,7683,2176,3.53,4.016,1913.2,2,8,0.69,0.9,430,1
MAH_0003,Mahdia,mixed,mixed,35.44571,11.04576,12971,5129,2.53,0.732,17709.3,12,18,0.755,1.3,1956,2
MAH_0004,Mahdia,mixed,periphery,35.5432,11.04248,10865,2708,4.01,0.888,12241.4,0,8,0.557,0.8,835,1
MAH_0005,Mahdia,mixed,periphery,35.44671,11.15484,5001,1508,3.32,1.594,3137.7,1,5,0.547,0.8,349,1
MAH_0006,Mahdia,mixed,periphery,35.48125,11.02939,5869,1575,3.73,1.214,4836.3,4,7,0.278,0.8,540,1
MAH_0007,Mahdia,mixed,park,35.51407,10.99632,7974,2028,3.93,1.529,5215.3,3,2,0.564,0.9,613,1
MAH_0008,Mahdia,mixed,periphery,35.49211,11.12617,18124,5487,3.3,4.437,4085.1,0,22,0.559,0.8,1254,1
MAH_0009,Mahdia,mixed,mixed,35.5132,11.13279,8425,3328,2.53,3.482,2419.3,11,9,0.493,1.3,1108,2
MAH_0010,Mahdia,mixed,mixed,35.50557,11.08331,21446,6597,3.25,7.474,2869.4,6,31,0.489,1.3,2071,1
MAH_0011,Mahdia,mixed,residential,35.52419,11.06465,8003,2825,2.83,0.977,8189.2,3,7,0.889,1.0,673,1
MAH_0012,Mahdia,mixed,mixed,35.4813,11.04592,3472,1203,2.89,0.343,10122.4,10,2,0.568,1.3,461,2
MAH_0013,Mahdia,mixed,park,35.53954,11.06913,7440,2534,2.94,2.235,3328.3,1,7,0.582,0.9,720,1
MAH_0014,Mahdia,mixed,park,35.56002,10.99075,9985,2727,3.66,2.475,4035.0,2,19,0.422,0.9,691,1
MAH_0015,Mahdia,mixed,residential,35.5176,10.99494,8728,1874,4.66,4.991,1748.8,4,11,0.613,1.0,830,1
MAH_0016,Mahdia,mixed,mixed,35.46063,11.16047,16864,4345,3.88,4.778,3529.4,12,14,0.464,1.3,1684,1
MAH_0017,Mahdia,mixed,residential,35.49099,10.99297,5743,2207,2.6,2.675,2146.6,6,8,0.515,1.0,546,1
MAH_0018,Mahdia,mixed,periphery,35.45099,11.081,7226,1804,4.01,0.989,7307.3,3,4,0.62,0.8,542,1
MAH_0019,Mahdia,mixed,residential,35.51401,11.0421,9233,2783,3.32,2.663,3467.4,7,12,0.682,1.0,851,1
MAH_0020,Mahdia,mixed,residential,35.4863,11.0023,4729,1426,3.31,2.514,1881.1,8,7,0.743,1.0,352,1
MAH_0021,Mahdia,mixed,mixed,35.51114,11.12635,6294,2048,3.07,1.358,4635.7,11,9,0.876,1.3,717,2
MAH_0022,Mahdia,mixed,commercial,35.50848,11.05712,9595,2601,3.69,0.66,14537.4,24,19,0.272,1.6,1283,2
MAH_0023,Mahdia,mixed,residential,35.53052,11.07424,2557,866,2.95,2.276,1123.2,5,10,0.47,1.0,340,2
MAH_0024,Mahdia,mixed,mixed,35.54426,11.1042,14588,4388,3.32,1.287,11337.0,14,19,0.684,1.3,1913,2
MAH_0025,Mahdia,mixed,commercial,35.46725,11.08736,2977,826,3.6,6.185,481.3,21,3,0.39,1.6,416,2
MAH_0026,Mahdia,mixed,periphery,35.55121,11.00954,11512,2750,4.18,2.439,4719.4,4,15,0.049,0.8,904,1
MAH_0027,Mahdia,mixed,park,35.52873,11.03646,10439,2780,3.75,1.074,9719.2,2,13,0.679,0.9,1002,1
MAH_0028,Mahdia,mixed,periphery,35.5698,11.06263,6824,1943,3.51,10.659,640.2,1,11,0.649,0.8,553,1
MAH_0029,Mahdia,mixed,commercial,35.45111,11.02178,3535,1041,3.39,1.067,3313.9,14,2,0.252,1.6,522,2
MAH_0030,Mahdia,mixed,residential,35.49596,10.98839,9810,2878,3.41,0.763,12853.6,7,14,0.691,1.0,688,1
MAH_0031,Mahdia,mixed,mixed,35.55983,11.12497,5818,1825,3.19,1.543,3771.4,12,8,0.654,1.3,683,2
MAH_0032,Mahdia,mixed,mixed,35.4705,11.13529,14939,4308,3.47,0.301,49560.6,17,18,0.293,1.3,2383,2
MAH_0033,Mahdia,mixed,residential,35.48674,11.00679,6530,1671,3.91,1.671,3908.1,6,9,0.072,1.0,499,1
MAH_0034,Mahdia,mixed,residential,35.52288,11.03315,8516,2889,2.95,4.827,1764.3,9,13,0.381,1.0,907,2
MAH_0035,Mahdia,mixed,park,35.49371,10.99649,3668,858,4.27,0.744,4930.8,3,8,0.531,0.9,289,1
MAH_0036,Mahdia,mixed,commercial,35.49537,11.02336,17243,5470,3.15,3.487,4944.6,29,24,0.31,1.6,2387,2
MAH_0037,Mahdia,mixed,park,35.49367,11.09506,9465,2512,3.77,0.701,13507.5,1,15,0.669,0.9,784,1
MAH_0038,Mahdia,mixed,periphery,35.48632,11.12947,10380,5234,1.98,2.054,5053.2,0,6,0.7,0.8,627,1
MAH_0039,Mahdia,mixed,commercial,35.45086,10.96574,10353,2858,3.62,1.658,6242.6,34,13,0.361,1.6,1649,2
MAH_0040,Mahdia,mixed,residential,35.58026,11.14079,6852,1702,4.02,0.477,14373.1,4,7,0.212,1.0,722,2
MAH_0041,Mahdia,mixed,periphery,35.4729,11.13322,7449,2419,3.08,4.784,1557.0,2,8,0.793,0.8,506,1
MAH_0042,Mahdia,mixed,periphery,35.42149,11.08222,13136,3540,3.71,1.646,7981.5,2,15,0.211,0.8,1145,1
MAH_0043,Mahdia,mixed,residential,35.6129,11.13294,6393,2003,3.19,1.434,4459.1,4,11,0.404,1.0,461,1
MAH_0044,Mahdia,mixed,park,35.44855,11.05867,15589,4192,3.72,1.436,10857.1,3,20,0.772,0.9,987,1
MAH_0045,Mahdia,mixed,periphery,35.49322,11.01176,8136,2309,3.52,1.234,6593.2,3,12,0.443,0.8,613,1
MAH_0046,Mahdia,mixed,park,35.61104,11.13962,7133,2014,3.54,0.977,7299.5,2,7,0.755,0.9,419,1
MAH_0047,Mahdia,mixed,commercial,35.46912,11.00681,11046,4254,2.6,1.48,7463.8,28,13,0.808,1.6,1628,2
MAH_0048,Mahdia,mixed,periphery,35.50869,11.18399,10356,2856,3.63,1.108,9347.1,0,10,0.569,0.8,752,1
MAH_0049,Mahdia,mixed,residential,35.58794,11.11123,12780,4522,2.83,0.987,12945.8,6,19,0.738,1.0,1522,2
SFA_0000,Sfax,urban,industrial,34.61237,10.73988,22682,7140,3.18,4.569,4964.5,2,28,0.861,0.7,777,0
SFA_0001,Sfax,urban,residential,34.8172,10.77925,22807,8021,2.84,1.755,12997.5,4,26,0.32,1.0,1415,1
SFA_0002,Sfax,urban,residential,34.72577,10.63383,23122,6567,3.52,0.569,40620.5,2,25,0.819,1.0,2298,1
SFA_0003,Sfax,urban,mixed,34.72688,10.81147,14726,3993,3.69,3.749,3928.1,12,10,0.662,1.3,1532,2
SFA_0004,Sfax,urban,park,34.71406,10.80032,23946,8230,2.91,2.488,9625.1,2,29,0.043,0.9,1704,1
SFA_0005,Sfax,urban,residential,34.73606,10.82528,19290,5954,3.24,1.493,12923.2,7,25,0.118,1.0,1817,1
SFA_0006,Sfax,urban,commercial,34.74876,10.72417,5320,1608,3.31,0.57,9327.6,27,18,0.82,1.6,713,2
SFA_0007,Sfax,urban,residential,34.68777,10.78274,24544,6681,3.67,2.177,11273.5,1,35,0.48,1.0,2578,2
SFA_0008,Sfax,urban,residential,34.77952,10.78603,23808,6677,3.57,0.939,25351.6,4,29,0.875,1.0,2957,2
SFA_0009,Sfax,urban,residential,34.76319,10.70162,6959,1509,4.61,1.634,4258.8,8,3,0.488,1.0,592,1
SFA_0010,Sfax,urban,residential,34.71272,10.80261,52406,13148,3.99,1.547,33870.3,5,69,0.418,1.0,3919,1
SFA_0011,Sfax,urban,park,34.68219,10.70456,11420,2549,4.48,0.803,14223.0,1,19,0.412,0.9,1159,2
SFA_0012,Sfax,urban,park,34.75685,10.76811,42587,10513,4.05,0.671,63490.0,1,51,0.141,0.9,5229,2
SFA_0013,Sfax,urban,residential,34.71003,10.66867,34389,10444,3.29,1.068,32200.3,6,35,0.939,1.0,4071,2
SFA_0014,Sfax,urban,residential,34.75004,10.74223,7190,2054,3.5,1.895,3794.5,3,12,0.687,1.0,699,1
SFA_0015,Sfax,urban,residential,34.72112,10.82329,19709,6927,2.85,4.413,4466.3,6,27,0.943,1.0,1468,1
SFA_0016,Sfax,urban,industrial,34.69697,10.75638,38900,9794,3.97,1.965,19798.4,1,48,0.524,0.7,2830,1
SFA_0017,Sfax,urban,commercial,34.76369,10.86474,14501,4073,3.56,1.332,10882.8,28,18,0.616,1.6,1886,2
SFA_0018,Sfax,urban,residential,34.74299,10.80482,46020,11775,3.91,1.061,43392.6,2,65,0.51,1.0,5313,2
SFA_0019,Sfax,urban,residential,34.77281,10.79846,14062,4599,3.06,11.275,1247.2,5,23,0.6,1.0,1224,1
SFA_0020,Sfax,urban,residential,34.76396,10.79328,25881,8591,3.01,0.991,26115.1,3,34,0.593,1.0,2478,1
SFA_0021,Sfax,urban,industrial,34.69487,10.80625,10997,2651,4.15,7.52,1462.4,0,10,0.475,0.7,760,1
SFA_0022,Sfax,urban,commercial,34.72171,10.75642,16052,3637,4.41,0.777,20647.2,24,20,0.609,1.6,2340,2
SFA_0023,Sfax,urban,park,34.70358,10.79841,20525,6084,3.37,2.474,8297.1,2,22,0.809,0.9,1387,1
SFA_0024,Sfax,urban,commercial,34.74735,10.73191,29228,10588,2.76,1.712,17074.4,18,34,0.401,1.6,4115,2
SFA_0025,Sfax,urban,park,34.7669,10.71236,25958,6698,3.87,1.169,22203.6,3,37,0.187,0.9,2162,1
SFA_0026,Sfax,urban,residential,34.70539,10.82451,19707,4819,4.09,9.6,2052.7,5,24,0.316,1.0,1563,1
SFA_0027,Sfax,urban,residential,34.75205,10.7902,40560,9234,4.39,0.526,77094.2,7,45,0.871,1.0,5195,2
SFA_0028,Sfax,urban,mixed,34.76233,10.67057,17693,5092,3.47,3.292,5374.4,16,20,0.664,1.3,2149,2
SFA_0029,Sfax,urban,mixed,34.6973,10.8581,10887,4039,2.69,3.201,3401.4,11,20,0.781,1.3,1111,2
SFA_0030,Sfax,urban,commercial,34.63176,10.67951,10521,3758,2.8,1.586,6632.8,30,10,0.847,1.6,1399,2
SFA_0031,Sfax,urban,residential,34.72816,10.75329,16552,3882,4.26,0.71,23315.7,5,25,0.798,1.0,1514,1
SFA_0032,Sfax,urban,commercial,34.71782,10.75344,32416,8934,3.63,1.82,17812.2,26,40,0.32,1.6,6682,2
SFA_0033,Sfax,urban,mixed,34.66372,10.78761,26321,7723,3.41,1.601,16444.6,8,28,0.328,1.3,3127,2
SFA_0034,Sfax,urban,mixed,34.76817,10.72401,20264,7091,2.86,1.083,18703.9,12,33,0.254,1.3,3048,2
SFA_0035,Sfax,urban,commercial,34.69704,10.72377,11542,2977,3.88,1.092,10568.2,31,12,0.546,1.6,1868,2
SFA_0036,Sfax,urban,industrial,34.76619,10.79028,16724,5034,3.32,1.025,16309.0,0,29,0.761,0.7,1191,1
SFA_0037,Sfax,urban,residential,34.76667,10.7425,9047,2743,3.3,1.272,7112.8,2,16,0.661,1.0,603,1
SFA_0038,Sfax,urban,commercial,34.76952,10.79524,15086,4591,3.29,0.661,22813.6,26,21,0.651,1.6,3671,2
SFA_0039,Sfax,urban,residential,34.76245,10.71141,10452,2482,4.21,1.494,6994.8,6,13,0.346,1.0,975,1
SFA_0040,Sfax,urban,commercial,34.71583,10.75858,56976,15785,3.61,3.288,17327.2,27,88,0.599,1.6,8478,2
SFA_0041,Sfax,urban,commercial,34.83497,10.7625,18687,5726,3.26,0.762,24536.1,22,37,0.504,1.6,2769,2
SFA_0042,Sfax,urban,park,34.75106,10.70245,29223,10531,2.77,0.553,52874.7,4,43,0.257,0.9,3116,2
SFA_0043,Sfax,urban,commercial,34.76511,10.67888,28351,6794,4.17,1.564,18127.3,24,33,0.639,1.6,4632,2
SFA_0044,Sfax,urban,residential,34.75982,10.80807,20407,5749,3.55,1.474,13846.3,9,27,0.916,1.0,2177,2
SFA_0045,Sfax,urban,residential,34.76553,10.80695,14184,4491,3.16,0.738,19209.5,3,16,0.877,1.0,1344,1
SFA_0046,Sfax,urban,commercial,34.76511,10.76795,9811,2454,4.0,0.518,18942.5,23,12,0.536,1.6,1637,2
SFA_0047,Sfax,urban,residential,34.66254,10.83521,11669,3864,3.02,0.541,21561.1,9,12,0.453,1.0,1452,2
SFA_0048,Sfax,urban,commercial,34.74782,10.75248,16601,4765,3.48,9.519,1743.9,27,23,0.829,1.6,2298,2
SFA_0049,Sfax,urban,residential,34.8049,10.7923,29519,7954,3.71,2.135,13826.7,5,48,0.133,1.0,3466,2
KAI_0000,Kairouan,mixed,residential,35.64717,10.10116,16381,4090,4.0,3.514,4661.6,5,22,0.326,1.0,1368,1
KAI_0001,Kairouan,mixed,residential,35.73845,10.15476,13328,4425,3.01,5.963,2235.0,6,18,0.964,1.0,1153,1
KAI_0002,Kairouan,mixed,commercial,35.68282,10.12738,9520,2804,3.39,2.257,4218.4,29,11,0.71,1.6,1130,2
KAI_0003,Kairouan,mixed,residential,35.65853,10.10514,21463,5900,3.64,4.942,4342.7,5,29,0.56,1.0,2035,1
KAI_0004,Kairouan,mixed,periphery,35.59639,10.13599,8826,2867,3.08,0.673,13115.2,2,13,0.62,0.8,714,1
KAI_0005,Kairouan,mixed,commercial,35.68958,10.10362,6897,1787,3.86,2.969,2323.1,20,11,0.329,1.6,803,2
KAI_0006,Kairouan,mixed,commercial,35.68404,10.06805,5904,1493,3.95,2.628,2246.7,29,4,0.639,1.6,983,2
KAI_0007,Kairouan,mixed,residential,35.65289,10.17423,9200,2407,3.82,1.522,6045.0,1,10,0.55,1.0,700,1
KAI_0008,Kairouan,mixed,residential,35.6364,10.04575,10536,3038,3.47,4.682,2250.1,5,18,0.489,1.0,781,1
KAI_0009,Kairouan,mixed,commercial,35.66537,10.11914,13974,6749,2.07,0.277,50447.8,41,27,0.574,1.6,2424,2
KAI_0010,Kairouan,mixed,park,35.72202,10.131,5594,1375,4.07,0.619,9037.1,3,10,0.071,0.9,395,1
KAI_0011,Kairouan,mixed,mixed,35.6639,10.10537,6728,1663,4.05,3.104,2167.8,14,10,0.485,1.3,747,2
KAI_0012,Kairouan,mixed,mixed,35.66589,10.07051,13525,4730,2.86,1.15,11763.7,14,15,0.3,1.3,2205,2
KAI_0013,Kairouan,mixed,residential,35.66087,10.13344,3604,1434,2.51,1.246,2892.0,5,3,0.416,1.0,357,1
KAI_0014,Kairouan,mixed,commercial,35.68469,10.15309,24294,7661,3.17,0.756,32132.1,26,25,0.075,1.6,4527,2
KAI_0015,Kairouan,mixed,mixed,35.66263,10.04253,11205,2974,3.77,4.811,2329.2,12,15,0.459,1.3,1511,2
KAI_0016,Kairouan,mixed,residential,35.65935,10.04574,23399,5709,4.1,0.957,24442.0,3,32,0.581,1.0,2405,2
KAI_0017,Kairouan,mixed,mixed,35.65056,10.1141,14058,3370,4.17,0.745,18865.2,13,21,0.431,1.3,2066,2
KAI_0018,Kairouan,mixed,residential,35.62117,10.16177,29815,8460,3.52,2.366,12603.2,6,35,0.128,1.0,3420,2
KAI_0019,Kairouan,mixed,commercial,35.64882,10.04862,18296,4494,4.07,1.777,10296.3,38,24,0.066,1.6,2857,2
KAI_0020,Kairouan,mixed,residential,35.65328,10.03341,21542,5879,3.66,3.829,5626.6,7,20,0.311,1.0,2133,1
KAI_0021,Kairouan,mixed,periphery,35.71078,10.11957,6963,4642,1.5,0.613,11367.1,3,3,0.781,0.8,484,1
KAI_0022,Kairouan,mixed,park,35.79163,10.19111,7253,1746,4.15,4.723,1535.8,4,7,0.336,0.9,566,1
KAI_0023,Kairouan,mixed,residential,35.80005,10.05807,8513,2267,3.75,1.167,7295.7,7,7,0.413,1.0,876,2
KAI_0024,Kairouan,mixed,commercial,35.72992,10.14773,10602,2918,3.63,11.732,903.7,21,13,0.916,1.6,1577,2
KAI_0025,Kairouan,mixed,park,35.70038,10.19897,53671,15272,3.51,0.618,86816.0,6,68,0.585,0.9,4868,1
KAI_0026,Kairouan,mixed,mixed,35.75476,10.16551,17880,5230,3.42,2.235,7999.8,12,17,0.281,1.3,2272,2
KAI_0027,Kairouan,mixed,commercial,35.73533,10.14657,24893,8609,2.89,0.397,62640.7,33,28,0.362,1.6,4336,2
KAI_0028,Kairouan,mixed,park,35.67386,10.08396,8754,2466,3.55,2.692,3252.5,3,7,0.71,0.9,700,1
KAI_0029,Kairouan,mixed,mixed,35.6255,10.1079,15478,4251,3.64,1.689,9162.0,11,11,0.303,1.3,1533,1
KAI_0030,Kairouan,mixed,residential,35.69367,10.13654,12125,4012,3.02,2.08,5830.2,4,10,0.444,1.0,1259,2
KAI_0031,Kairouan,mixed,mixed,35.71929,10.00686,15149,3755,4.03,1.067,14197.5,10,25,0.517,1.3,1916,2
KAI_0032,Kairouan,mixed,residential,35.79471,10.12084,4266,1449,2.94,3.702,1152.3,7,5,0.85,1.0,380,1
KAI_0033,Kairouan,mixed,mixed,35.66923,10.10659,7541,2415,3.12,1.053,7160.9,13,5,0.433,1.3,904,2
KAI_0034,Kairouan,mixed,park,35.65319,10.0198,2620,832,3.15,0.802,3268.0,4,4,0.483,0.9,206,1
KAI_0035,Kairouan,mixed,residential,35.68131,10.09876,11659,2890,4.03,1.962,5942.5,3,10,0.587,1.0,1069,1
KAI_0036,Kairouan,mixed,residential,35.66659,10.11412,12741,3730,3.42,2.199,5793.9,10,13,0.537,1.0,998,1
KAI_0037,Kairouan,mixed,periphery,35.6276,10.2027,14047,4091,3.43,0.495,28402.1,2,15,0.652,0.8,1264,1
KAI_0038,Kairouan,mixed,mixed,35.74147,10.08251,13043,3899,3.34,2.396,5443.9,11,21,0.644,1.3,1353,2
KAI_0039,Kairouan,mixed,park,35.73636,9.95899,8353,2484,3.36,0.599,13955.2,3,10,0.219,0.9,894,2
KAI_0040,Kairouan,mixed,residential,35.72108,10.11078,11091,2705,4.1,1.722,6440.2,5,14,0.367,1.0,818,1
KAI_0041,Kairouan,mixed,residential,35.72001,10.06122,7426,2113,3.51,1.54,4822.5,4,13,0.468,1.0,693,1
KAI_0042,Kairouan,mixed,park,35.68167,10.06437,23444,6377,3.68,1.705,13751.9,2,43,0.516,0.9,1876,1
KAI_0043,Kairouan,mixed,residential,35.58778,10.05494,13124,3612,3.63,2.229,5887.6,6,18,0.422,1.0,1033,1
KAI_0044,Kairouan,mixed,commercial,35.70926,10.18907,14313,4402,3.25,0.546,26191.9,25,13,0.761,1.6,2600,2
KAI_0045,Kairouan,mixed,periphery,35.75448,10.14468,18488,4583,4.03,4.011,4609.9,6,21,0.699,0.8,1391,1
KAI_0046,Kairouan,mixed,mixed,35.64908,10.20675,4624,1187,3.9,0.939,4924.3,16,2,0.877,1.3,456,1
KAI_0047,Kairouan,mixed,residential,35.64278,10.11024,7979,2099,3.8,2.847,2803.0,4,10,0.244,1.0,605,1
KAI_0048,Kairouan,mixed,residential,35.63347,10.10278,24355,6658,3.66,0.695,35021.3,2,40,0.631,1.0,3288,2
KAI_0049,Kairouan,mixed,mixed,35.67964,10.02262,22385,5763,3.88,0.857,26113.6,14,26,0.616,1.3,3313,2
KAS_0000,Kasserine,rural,mixed,35.13536,8.90631,11452,3111,3.68,3.101,3692.5,11,15,0.153,1.3,1394,2
KAS_0001,Kasserine,rural,residential,35.28509,8.83781,3591,1067,3.36,1.129,3182.1,6,2,0.011,1.0,353,1
KAS_0002,Kasserine,rural,periphery,35.16864,8.91278,5488,1315,4.17,0.448,12253.8,2,8,0.346,0.8,599,2
KAS_0003,Kasserine,rural,residential,35.13219,8.87926,9117,2323,3.92,4.943,1844.6,2,13,0.501,1.0,886,1
KAS_0004,Kasserine,rural,residential,35.1798,8.81845,18333,5927,3.09,1.062,17256.4,3,19,0.156,1.0,2168,2
KAS_0005,Kasserine,rural,residential,35.20698,8.80665,16675,5281,3.16,1.006,16575.4,5,29,0.288,1.0,1699,2
KAS_0006,Kasserine,rural,mixed,35.24256,8.77037,2895,741,3.9,4.924,587.9,15,6,0.384,1.3,417,2
KAS_0007,Kasserine,rural,residential,35.27802,8.86631,13252,3418,3.88,3.196,4146.9,4,13,0.615,1.0,1116,1
KAS_0008,Kasserine,rural,residential,35.19876,8.85152,8547,2316,3.69,1.521,5621.2,3,10,0.339,1.0,701,1
KAS_0009,Kasserine,rural,residential,35.10042,8.92926,6693,1901,3.52,1.895,3532.5,5,6,0.375,1.0,695,2
KAS_0010,Kasserine,rural,residential,35.14306,8.95795,6514,2814,2.31,0.411,15840.0,2,11,0.371,1.0,735,2
KAS_0011,Kasserine,rural,residential,35.13159,8.71833,7938,1849,4.29,3.75,2116.8,5,14,0.656,1.0,745,1
KAS_0012,Kasserine,rural,periphery,35.11754,8.81531,2871,803,3.57,1.914,1499.9,3,3,0.441,0.8,209,1
KAS_0013,Kasserine,rural,periphery,35.12061,8.84564,8992,2256,3.98,1.992,4513.8,0,14,0.765,0.8,781,1
KAS_0014,Kasserine,rural,residential,35.168,8.7826,7919,2259,3.5,4.004,1978.0,4,11,0.847,1.0,695,1
KAS_0015,Kasserine,rural,residential,35.20575,8.93696,7845,3535,2.22,2.07,3789.9,3,8,0.332,1.0,776,1
KAS_0016,Kasserine,rural,periphery,35.17739,8.81607,10327,5429,1.9,2.115,4882.6,2,13,0.899,0.8,617,1
KAS_0017,Kasserine,rural,periphery,35.13551,8.8534,5934,1802,3.29,1.713,3464.4,1,10,0.646,0.8,541,1
KAS_0018,Kasserine,rural,periphery,35.11784,8.78547,21929,6074,3.61,3.095,7084.6,2,31,0.279,0.8,1499,1
KAS_0019,Kasserine,rural,residential,35.10052,8.77308,12698,4212,3.01,4.0,3174.6,7,10,0.528,1.0,912,1
KAS_0020,Kasserine,rural,periphery,35.06826,8.80704,5969,1781,3.35,7.55,790.6,2,7,0.759,0.8,374,1
KAS_0021,Kasserine,rural,residential,35.12077,8.84962,3811,961,3.96,0.889,4288.3,3,4,0.648,1.0,357,1
KAS_0022,Kasserine,rural,park,35.07436,8.92395,5234,1294,4.04,0.887,5903.6,1,6,0.068,0.9,375,1
KAS_0023,Kasserine,rural,periphery,35.11752,8.79017,7430,2400,3.09,1.4,5306.5,3,9,0.637,0.8,519,1
KAS_0024,Kasserine,rural,periphery,35.16202,8.8046,7908,2285,3.46,0.734,10769.4,2,9,0.905,0.8,738,1
KAS_0025,Kasserine,rural,park,35.20089,8.83965,13911,4085,3.4,2.397,5804.4,1,22,0.143,0.9,1024,1
KAS_0026,Kasserine,rural,residential,35.24233,8.84309,5790,1711,3.38,0.554,10450.1,5,8,0.373,1.0,557,1
KAS_0027,Kasserine,rural,periphery,35.2052,8.83375,16269,4544,3.58,1.463,11119.9,1,14,0.709,0.8,1086,1
KAS_0028,Kasserine,rural,periphery,35.26401,8.87311,3344,1166,2.87,3.17,1054.8,0,3,0.599,0.8,275,1
KAS_0029,Kasserine,rural,residential,35.18257,8.85948,6558,1907,3.44,1.723,3806.8,8,11,0.55,1.0,634,1
KAS_0030,Kasserine,rural,residential,35.10843,8.82965,8036,2304,3.49,0.583,13774.9,6,10,0.512,1.0,747,1
KAS_0031,Kasserine,rural,periphery,35.20693,8.8821,11825,5582,2.12,2.166,5459.0,2,12,0.095,0.8,943,1
KAS_0032,Kasserine,rural,periphery,35.17063,8.88901,11572,3672,3.15,2.947,3927.2,3,21,0.034,0.8,799,1
KAS_0033,Kasserine,rural,residential,35.13208,8.83194,12715,4840,2.63,8.17,1556.3,11,15,0.363,1.0,1204,1
KAS_0034,Kasserine,rural,park,35.12877,8.8683,13834,3698,3.74,0.309,44776.0,1,19,0.841,0.9,1551,2
KAS_0035,Kasserine,rural,mixed,35.17037,8.8575,17113,6319,2.71,0.571,29988.1,10,26,0.816,1.3,2220,2
KAS_0036,Kasserine,rural,periphery,35.10902,8.822,5665,1751,3.23,2.052,2761.0,2,3,0.687,0.8,340,1
KAS_0037,Kasserine,rural,residential,35.06974,8.76219,8840,3302,2.68,1.342,6587.3,9,7,0.264,1.0,508,1
KAS_0038,Kasserine,rural,periphery,35.24021,8.89524,9142,2494,3.66,0.86,10629.5,1,14,0.246,0.8,842,1
KAS_0039,Kasserine,rural,residential,35.13623,8.92889,10154,3124,3.25,2.663,3813.1,2,11,0.2,1.0,888,1
KAS_0040,Kasserine,rural,residential,35.13422,8.86096,10216,2544,4.01,1.257,8126.1,5,11,0.381,1.0,863,1
KAS_0041,Kasserine,rural,periphery,35.18669,8.92262,12555,4002,3.14,1.331,9436.1,4,15,0.359,0.8,797,1
KAS_0042,Kasserine,rural,residential,35.25391,8.8309,13884,3909,3.55,2.008,6916.0,4,20,0.326,1.0,1353,1
KAS_0043,Kasserine,rural,residential,35.15272,8.80852,12299,3335,3.69,4.104,2996.7,4,11,0.643,1.0,952,1
KAS_0044,Kasserine,rural,periphery,35.08439,8.79787,10117,3002,3.37,0.896,11288.2,1,14,0.269,0.8,1049,2
KAS_0045,Kasserine,rural,periphery,35.149,8.82994,9924,3247,3.06,4.351,2280.9,1,11,0.323,0.8,655,1
KAS_0046,Kasserine,rural,residential,35.25575,8.83759,7850,2191,3.58,3.756,2090.0,3,11,0.721,1.0,502,1
KAS_0047,Kasserine,rural,residential,35.20846,8.75441,8031,2328,3.45,3.02,2659.1,5,6,0.799,1.0,810,2
KAS_0048,Kasserine,rural,periphery,35.22564,8.83685,12415,4120,3.01,1.474,8424.4,3,14,0.047,0.8,980,1
KAS_0049,Kasserine,rural,mixed,35.10971,8.7739,12579,4131,3.04,1.315,9562.8,18,17,0.469,1.3,1544,2
SID_0000,Sidi Bouzid,rural,periphery,35.06378,9.43483,14372,3830,3.75,0.91,15799.4,3,20,0.416,0.8,1208,1
SID_0001,Sidi Bouzid,rural,periphery,35.0419,9.51032,4130,1439,2.87,1.12,3687.9,1,5,0.596,0.8,300,1
SID_0002,Sidi Bouzid,rural,periphery,35.01875,9.55678,5895,1815,3.25,0.453,13003.6,2,3,0.104,0.8,546,1
SID_0003,Sidi Bouzid,rural,residential,35.02137,9.43687,5389,1696,3.18,1.296,4157.9,4,5,0.097,1.0,492,1
SID_0004,Sidi Bouzid,rural,residential,35.00923,9.43833,16789,5927,2.83,6.101,2751.9,7,22,0.322,1.0,1422,1
SID_0005,Sidi Bouzid,rural,park,35.10293,9.5157,18527,5272,3.51,0.896,20665.9,4,17,0.117,0.9,2215,2
SID_0006,Sidi Bouzid,rural,residential,35.00474,9.45582,26565,6513,4.08,1.985,13385.3,8,23,0.073,1.0,3604,2
SID_0007,Sidi Bouzid,rural,residential,35.09424,9.47514,9737,2879,3.38,0.654,14878.8,5,21,0.091,1.0,1064,2
SID_0008,Sidi Bouzid,rural,residential,35.00028,9.50997,15728,4360,3.61,0.803,19596.1,6,23,0.387,1.0,1933,2
SID_0009,Sidi Bouzid,rural,residential,35.09816,9.45752,15133,4589,3.3,1.221,12389.1,5,22,0.412,1.0,1671,2
SID_0010,Sidi Bouzid,rural,residential,35.027,9.52197,9404,3096,3.04,4.893,1922.0,5,8,0.178,1.0,880,1
SID_0011,Sidi Bouzid,rural,periphery,35.10856,9.54079,4468,1400,3.19,1.577,2832.8,2,8,0.716,0.8,306,1
SID_0012,Sidi Bouzid,rural,residential,34.91706,9.49055,8910,3328,2.68,2.879,3094.5,5,14,0.475,1.0,669,1
SID_0013,Sidi Bouzid,rural,periphery,35.01022,9.47985,8334,2294,3.63,2.127,3918.3,3,17,0.311,0.8,507,1
SID_0014,Sidi Bouzid,rural,residential,34.98065,9.54965,21366,5743,3.72,0.469,45554.9,6,31,0.269,1.0,2209,2
SID_0015,Sidi Bouzid,rural,periphery,35.04706,9.53509,9669,2938,3.29,2.812,3438.5,1,18,0.819,0.8,700,1
SID_0016,Sidi Bouzid,rural,residential,35.06138,9.50305,10741,3170,3.39,0.393,27342.1,5,19,0.352,1.0,1070,1
SID_0017,Sidi Bouzid,rural,residential,35.05408,9.43828,6025,1976,3.05,2.48,2429.5,3,14,0.509,1.0,582,1
SID_0018,Sidi Bouzid,rural,mixed,35.04034,9.39419,8568,2371,3.61,4.604,1860.9,13,6,0.558,1.3,724,1
SID_0019,Sidi Bouzid,rural,residential,35.03151,9.53619,10875,2661,4.09,3.448,3154.2,4,11,0.48,1.0,1165,2
SID_0020,Sidi Bouzid,rural,periphery,35.08782,9.52945,13041,3574,3.65,1.883,6926.0,2,17,0.577,0.8,973,1
SID_0021,Sidi Bouzid,rural,periphery,34.94819,9.51356,8971,2557,3.51,0.949,9452.4,2,7,0.788,0.8,471,1
SID_0022,Sidi Bouzid,rural,residential,34.97631,9.53273,10913,3434,3.18,6.69,1631.1,3,13,0.856,1.0,886,1
SID_0023,Sidi Bouzid,rural,periphery,35.13088,9.48199,16587,5372,3.09,3.659,4533.6,1,18,0.87,0.8,985,1
SID_0024,Sidi Bouzid,rural,residential,35.08878,9.37417,13134,3761,3.49,4.927,2665.7,1,16,0.281,1.0,1122,1
SID_0025,Sidi Bouzid,rural,park,35.02142,9.5227,9645,2756,3.5,1.761,5477.7,1,14,0.635,0.9,749,1
SID_0026,Sidi Bouzid,rural,residential,35.1027,9.47044,5390,1397,3.86,3.297,1634.7,5,5,0.807,1.0,549,2
SID_0027,Sidi Bouzid,rural,periphery,35.10555,9.53067,7361,1993,3.69,4.941,1489.9,1,6,0.507,0.8,526,1
SID_0028,Sidi Bouzid,rural,residential,35.00064,9.44268,9813,2311,4.25,1.774,5530.6,4,11,0.133,1.0,1018,2
SID_0029,Sidi Bouzid,rural,residential,35.07221,9.49173,6904,1941,3.56,0.516,13377.8,4,5,0.553,1.0,859,2
SID_0030,Sidi Bouzid,rural,residential,34.98142,9.48579,4917,1626,3.02,1.077,4567.2,0,9,0.755,1.0,410,1
SID_0031,Sidi Bouzid,rural,residential,35.0073,9.48146,4513,1469,3.07,2.26,1997.0,0,6,0.254,1.0,372,1
SID_0032,Sidi Bouzid,rural,residential,35.01866,9.50097,4618,1358,3.4,3.064,1507.0,5,8,0.164,1.0,443,1
SID_0033,Sidi Bouzid,rural,residential,34.97306,9.39724,4255,1052,4.04,0.49,8690.3,4,4,0.195,1.0,358,1
SID_0034,Sidi Bouzid,rural,residential,34.97368,9.55865,15780,4385,3.6,2.849,5538.1,1,25,0.352,1.0,1095,1
SID_0035,Sidi Bouzid,rural,residential,34.98584,9.46878,4194,1079,3.88,0.798,5258.5,7,5,0.322,1.0,363,1
SID_0036,Sidi Bouzid,rural,residential,35.04636,9.50899,6260,1375,4.55,4.553,1374.8,4,7,0.951,1.0,528,1
SID_0037,Sidi Bouzid,rural,mixed,35.01757,9.51451,10139,2444,4.15,5.508,1840.8,8,13,0.607,1.3,1135,2
SID_0038,Sidi Bouzid,rural,residential,34.99963,9.42877,12687,3057,4.15,2.561,4953.7,4,17,0.423,1.0,1033,1
SID_0039,Sidi Bouzid,rural,residential,34.94004,9.46543,20072,5374,3.73,1.198,16756.6,6,26,0.432,1.0,1808,1
SID_0040,Sidi Bouzid,rural,park,35.01126,9.50823,7666,2546,3.01,1.512,5070.6,2,9,0.822,0.9,598,1
SID_0041,Sidi Bouzid,rural,periphery,35.03419,9.53182,17467,4429,3.94,14.306,1220.9,2,28,0.507,0.8,1163,1
SID_0042,Sidi Bouzid,rural,periphery,35.03414,9.51214,13508,4428,3.05,2.11,6403.1,2,23,0.326,0.8,969,1
SID_0043,Sidi Bouzid,rural,residential,35.07219,9.50773,5859,1653,3.54,1.292,4536.3,7,11,0.753,1.0,591,2
SID_0044,Sidi Bouzid,rural,periphery,34.99249,9.4755,4903,1792,2.73,3.666,1337.6,1,5,0.282,0.8,345,1
SID_0045,Sidi Bouzid,rural,mixed,35.06055,9.45115,14946,4190,3.57,4.853,3079.9,17,19,0.679,1.3,2022,2
SID_0046,Sidi Bouzid,rural,residential,35.0924,9.51109,8700,1979,4.4,0.236,36900.3,5,11,0.353,1.0,883,2
SID_0047,Sidi Bouzid,rural,residential,34.92923,9.46967,11277,3123,3.61,0.409,27579.6,5,13,0.551,1.0,1451,2
SID_0048,Sidi Bouzid,rural,residential,35.14029,9.54562,11959,3255,3.67,0.744,16083.0,4,14,0.197,1.0,876,1
SID_0049,Sidi Bouzid,rural,residential,34.9913,9.40435,7265,2142,3.39,0.891,8153.0,8,6,0.7,1.0,646,1
GAB_0000,Gabes,mixed,park,33.89994,10.15587,4861,1819,2.67,0.424,11453.5,3,6,0.507,0.9,546,2
GAB_0001,Gabes,mixed,periphery,33.91426,10.14019,10757,2945,3.65,0.992,10839.2,2,16,0.11,0.8,874,1
GAB_0002,Gabes,mixed,residential,33.88296,10.09059,1728,385,4.49,1.525,1132.8,5,2,0.08,1.0,184,2
GAB_0003,Gabes,mixed,park,33.86617,10.1677,19787,5689,3.48,2.939,6733.1,0,29,0.386,0.9,1378,1
GAB_0004,Gabes,mixed,residential,33.78255,10.1448,5812,1217,4.77,1.305,4454.9,6,7,0.664,1.0,602,2
GAB_0005,Gabes,mixed,residential,33.89247,10.07272,7758,2457,3.16,0.386,20115.1,7,5,0.767,1.0,871,2
GAB_0006,Gabes,mixed,residential,33.93074,10.19594,9861,3287,3.0,1.753,5626.5,6,13,0.669,1.0,850,1
GAB_0007,Gabes,mixed,park,33.86902,10.11739,4323,1190,3.63,2.059,2100.0,2,8,0.551,0.9,395,1
GAB_0008,Gabes,mixed,mixed,33.82641,10.07848,3905,1051,3.71,0.266,14696.2,11,4,0.587,1.3,638,2
GAB_0009,Gabes,mixed,residential,33.84261,10.05881,16639,5252,3.17,1.784,9324.9,6,18,0.423,1.0,1375,1
GAB_0010,Gabes,mixed,commercial,33.98702,10.08474,8246,2966,2.78,1.624,5076.7,21,10,0.29,1.6,591,1
GAB_0011,Gabes,mixed,commercial,33.89771,10.15512,7459,3302,2.26,9.354,797.4,25,14,0.544,1.6,926,2
GAB_0012,Gabes,mixed,park,33.89363,10.02582,6420,1692,3.79,0.89,7217.5,1,6,0.038,0.9,560,1
GAB_0013,Gabes,mixed,residential,33.86582,10.12003,21854,5178,4.22,2.261,9666.9,4,27,0.653,1.0,1865,1
GAB_0014,Gabes,mixed,residential,33.85562,9.97249,26483,7975,3.32,4.111,6442.1,3,35,0.338,1.0,2304,1
GAB_0015,Gabes,mixed,park,33.90027,10.11956,1572,393,4.0,5.316,295.7,2,4,0.767,0.9,104,1
GAB_0016,Gabes,mixed,residential,33.78458,10.06106,3709,1156,3.21,0.808,4587.9,4,10,0.452,1.0,318,1
GAB_0017,Gabes,mixed,residential,33.90979,10.08362,7076,3007,2.35,1.356,5218.6,4,9,0.661,1.0,605,1
GAB_0018,Gabes,mixed,residential,33.88765,10.11836,2996,950,3.15,2.556,1172.1,7,5,0.933,1.0,268,1
GAB_0019,Gabes,mixed,park,33.7619,10.05906,11785,3816,3.09,4.937,2387.0,3,17,0.359,0.9,868,1
GAB_0020,Gabes,mixed,commercial,33.83324,10.10874,16799,7796,2.15,2.673,6284.5,36,22,0.297,1.6,2244,2
GAB_0021,Gabes,mixed,residential,33.81846,10.08941,15709,3957,3.97,0.642,24482.2,6,16,0.686,1.0,1868,2
GAB_0022,Gabes,mixed,periphery,33.82846,10.0865,15923,4283,3.72,1.087,14646.5,0,20,0.812,0.8,1769,2
GAB_0023,Gabes,mixed,mixed,33.91314,10.08281,4597,1185,3.88,0.258,17788.6,11,7,0.485,1.3,628,2
GAB_0024,Gabes,mixed,periphery,33.93201,10.08283,8841,2752,3.21,3.205,2758.7,1,14,0.618,0.8,619,1
GAB_0025,Gabes,mixed,periphery,33.92136,10.14471,4561,1426,3.2,1.477,3087.2,2,8,0.948,0.8,263,1
GAB_0026,Gabes,mixed,commercial,33.83934,10.06458,3491,793,4.4,1.717,2032.6,19,6,0.239,1.6,871,2
GAB_0027,Gabes,mixed,mixed,33.86647,10.14106,11533,2909,3.96,1.482,7782.3,11,15,0.58,1.3,1031,1
GAB_0028,Gabes,mixed,residential,33.92699,10.06198,5638,1242,4.54,1.093,5160.0,8,8,0.858,1.0,467,1
GAB_0029,Gabes,mixed,periphery,33.91952,10.08896,12455,3889,3.2,0.558,22329.7,1,18,0.594,0.8,846,1
GAB_0030,Gabes,mixed,mixed,33.85372,10.10805,4949,1661,2.98,0.76,6511.9,14,7,0.35,1.3,630,2
GAB_0031,Gabes,mixed,park,33.85156,10.03921,7475,1999,3.74,1.462,5113.3,1,6,0.77,0.9,577,1
GAB_0032,Gabes,mixed,periphery,33.96027,10.12544,11900,3782,3.15,1.224,9722.0,2,11,0.625,0.8,781,1
GAB_0033,Gabes,mixed,mixed,33.83216,10.12341,9667,2395,4.04,0.714,13532.3,11,6,0.75,1.3,1567,2
GAB_0034,Gabes,mixed,residential,33.79748,10.11555,3408,953,3.58,0.779,4373.3,8,7,0.729,1.0,379,2
GAB_0035,Gabes,mixed,park,33.86786,10.13073,5291,1343,3.94,4.273,1238.3,1,5,0.653,0.9,448,1
GAB_0036,Gabes,mixed,commercial,33.88909,10.04056,6569,1724,3.81,4.504,1458.5,19,6,0.611,1.6,817,2
GAB_0037,Gabes,mixed,residential,33.91674,10.15563,6955,1862,3.73,4.375,1589.7,0,10,0.362,1.0,559,1
GAB_0038,Gabes,mixed,residential,33.8901,10.09164,9490,2691,3.53,2.85,3329.4,4,13,0.113,1.0,981,2
GAB_0039,Gabes,mixed,periphery,33.79483,10.20233,3453,1059,3.26,0.35,9858.5,2,5,0.371,0.8,303,1
GAB_0040,Gabes,mixed,periphery,33.86297,10.04826,11882,3684,3.22,1.483,8009.7,2,13,0.522,0.8,814,1
GAB_0041,Gabes,mixed,commercial,33.9655,10.13475,9100,2253,4.04,0.964,9444.0,29,18,0.538,1.6,1144,2
GAB_0042,Gabes,mixed,mixed,33.88636,10.15918,24378,6939,3.51,3.067,7948.4,9,42,0.718,1.3,4017,2
GAB_0043,Gabes,mixed,residential,33.89385,10.15113,6853,1757,3.9,1.752,3911.1,6,5,0.325,1.0,732,2
GAB_0044,Gabes,mixed,mixed,33.8668,10.04191,8043,2753,2.92,2.445,3289.2,11,10,0.419,1.3,915,2
GAB_0045,Gabes,mixed,residential,33.91554,10.09303,6781,2010,3.37,5.763,1176.7,4,8,0.515,1.0,640,1
GAB_0046,Gabes,mixed,residential,33.96346,10.01358,3423,881,3.88,4.113,832.3,3,4,0.463,1.0,266,1
GAB_0047,Gabes,mixed,park,33.86531,10.13225,7472,1990,3.75,1.734,4309.6,2,13,0.414,0.9,662,1
GAB_0048,Gabes,mixed,residential,33.91914,10.0375,5009,1027,4.88,6.902,725.7,4,3,0.634,1.0,342,1
GAB_0049,Gabes,mixed,residential,33.94567,10.0965,5009,1335,3.75,17.267,290.1,3,8,0.305,1.0,366,1
MED_0000,Medenine,mixed,mixed,33.40734,10.50256,9149,4128,2.22,2.386,3833.7,16,20,0.851,1.3,712,1
MED_0001,Medenine,mixed,park,33.30514,10.49876,5159,1191,4.33,1.3,3967.3,0,9,0.436,0.9,426,1
MED_0002,Medenine,mixed,periphery,33.31035,10.48551,8560,2703,3.17,2.828,3026.9,1,6,0.415,0.8,615,1
MED_0003,Medenine,mixed,commercial,33.33905,10.47767,6970,2150,3.24,0.802,8690.8,29,9,0.109,1.6,999,2
MED_0004,Medenine,mixed,residential,33.37019,10.56597,7477,3297,2.27,1.117,6695.5,6,20,0.777,1.0,653,1
MED_0005,Medenine,mixed,commercial,33.40546,10.45408,7844,1969,3.98,2.049,3828.5,37,11,0.401,1.6,1053,2
MED_0006,Medenine,mixed,commercial,33.41821,10.49882,15854,4576,3.46,0.394,40267.5,26,23,0.785,1.6,2333,2
MED_0007,Medenine,mixed,periphery,33.35531,10.44634,5203,1643,3.17,0.962,5406.6,3,3,0.267,0.8,325,1
MED_0008,Medenine,mixed,periphery,33.33871,10.61074,13757,5042,2.73,1.867,7367.1,4,18,0.871,0.8,948,1
MED_0009,Medenine,mixed,mixed,33.3599,10.55344,19039,5132,3.71,1.978,9626.5,12,23,0.106,1.3,2015,2
MED_0010,Medenine,mixed,residential,33.40625,10.49746,5037,1226,4.11,2.923,1723.0,3,9,0.387,1.0,376,1
MED_0011,Medenine,mixed,commercial,33.34558,10.52278,15786,4190,3.77,1.798,8778.7,19,26,0.638,1.6,2559,2
MED_0012,Medenine,mixed,periphery,33.36282,10.44418,4709,1171,4.02,0.484,9730.4,0,8,0.497,0.8,374,1
MED_0013,Medenine,mixed,park,33.28109,10.51752,12146,3185,3.81,3.478,3491.9,1,18,0.446,0.9,988,1
MED_0014,Medenine,mixed,residential,33.34092,10.46244,11564,3064,3.77,3.281,3524.5,3,12,0.248,1.0,1173,2
MED_0015,Medenine,mixed,periphery,33.37051,10.50882,12568,3335,3.77,10.296,1220.6,3,12,0.608,0.8,731,1
MED_0016,Medenine,mixed,periphery,33.3365,10.51775,5268,1351,3.9,0.816,6458.1,2,8,0.711,0.8,390,1
MED_0017,Medenine,mixed,residential,33.28742,10.44214,10458,2910,3.59,1.975,5294.6,4,9,0.905,1.0,1133,2
MED_0018,Medenine,mixed,periphery,33.41521,10.42558,15577,5624,2.77,1.204,12940.8,1,29,0.268,0.8,1466,1
MED_0019,Medenine,mixed,mixed,33.43941,10.52032,15042,4610,3.26,2.751,5467.4,9,16,0.193,1.3,1827,2
MED_0020,Medenine,mixed,residential,33.41959,10.54957,9971,3031,3.29,0.537,18578.9,8,12,0.675,1.0,810,1
MED_0021,Medenine,mixed,residential,33.3826,10.49701,9534,2760,3.45,1.381,6902.9,1,14,0.666,1.0,974,2
MED_0022,Medenine,mixed,mixed,33.27101,10.5158,5826,1536,3.79,6.58,885.4,8,3,0.839,1.3,861,2
MED_0023,Medenine,mixed,residential,33.35844,10.51649,15109,4271,3.54,5.209,2900.5,2,18,0.878,1.0,1372,1
MED_0024,Medenine,mixed,residential,33.32858,10.52283,7192,1884,3.82,4.89,1470.8,3,8,0.762,1.0,647,1
MED_0025,Medenine,mixed,mixed,33.34396,10.51422,5723,1485,3.85,0.508,11262.3,12,4,0.307,1.3,909,2
MED_0026,Medenine,mixed,park,33.35526,10.52167,5915,1642,3.6,1.29,4585.8,2,5,0.535,0.9,450,1
MED_0027,Medenine,mixed,residential,33.41592,10.51852,7934,3307,2.4,2.334,3399.2,6,8,0.564,1.0,623,1
MED_0028,Medenine,mixed,park,33.3979,10.5337,16586,5375,3.09,2.765,5999.1,4,15,0.124,0.9,1103,1
MED_0029,Medenine,mixed,residential,33.31308,10.52253,6456,2395,2.69,0.559,11540.6,2,8,0.741,1.0,680,2
MED_0030,Medenine,mixed,residential,33.37653,10.46824,13372,3923,3.41,0.571,23435.8,7,12,0.6,1.0,1212,1
MED_0031,Medenine,mixed,mixed,33.32676,10.4711,16892,4606,3.67,0.723,23371.1,10,25,0.535,1.3,2602,2
MED_0032,Medenine,mixed,residential,33.28554,10.52687,4600,1824,2.52,0.706,6519.3,7,9,0.715,1.0,426,1
MED_0033,Medenine,mixed,park,33.32167,10.52684,15479,4405,3.51,1.714,9028.7,1,16,0.787,0.9,1000,1
MED_0034,Medenine,mixed,mixed,33.40694,10.4422,4225,1093,3.87,1.874,2255.1,13,7,0.713,1.3,406,1
MED_0035,Medenine,mixed,residential,33.3636,10.58527,3589,1112,3.23,1.313,2733.8,6,3,0.421,1.0,420,2
MED_0036,Medenine,mixed,residential,33.36082,10.53852,4626,1301,3.55,1.961,2359.5,5,4,0.361,1.0,390,1
MED_0037,Medenine,mixed,residential,33.3272,10.4533,15476,3918,3.95,2.374,6518.3,1,13,0.28,1.0,1195,1
MED_0038,Medenine,mixed,mixed,33.28628,10.51145,14347,4196,3.42,1.511,9492.7,17,16,0.878,1.3,1536,2
MED_0039,Medenine,mixed,commercial,33.4182,10.52288,3761,1079,3.48,3.43,1096.7,33,7,0.747,1.6,719,2
MED_0040,Medenine,mixed,residential,33.34337,10.51428,19520,6299,3.1,0.546,35726.6,2,25,0.426,1.0,1903,1
MED_0041,Medenine,mixed,periphery,33.4093,10.51614,10648,2798,3.81,3.336,3191.7,0,16,0.568,0.8,739,1
MED_0042,Medenine,mixed,residential,33.3,10.48004,8509,2235,3.81,1.172,7262.4,2,14,0.441,1.0,1036,2
MED_0043,Medenine,mixed,residential,33.40961,10.49985,10761,3552,3.03,1.832,5873.9,3,17,0.504,1.0,873,1
MED_0044,Medenine,mixed,periphery,33.33166,10.48381,9383,2137,4.39,0.419,22418.7,1,12,0.061,0.8,704,1
MED_0045,Medenine,mixed,periphery,33.36661,10.47026,19689,6219,3.17,1.396,14106.1,1,17,0.481,0.8,2216,2
MED_0046,Medenine,mixed,commercial,33.36194,10.55467,6426,1797,3.58,1.024,6275.7,34,3,0.525,1.6,1232,2
MED_0047,Medenine,mixed,mixed,33.37583,10.44827,11992,3135,3.82,2.16,5551.8,6,19,0.242,1.3,1087,1
MED_0048,Medenine,mixed,residential,33.38143,10.42607,9724,2924,3.32,0.526,18476.5,4,17,0.502,1.0,1040,2
MED_0049,Medenine,mixed,park,33.37912,10.45329,9961,2820,3.53,0.977,10196.5,0,14,0.761,0.9,882,1
TAT_0000,Tataouine,rural,periphery,32.98066,10.39245,3542,955,3.71,2.499,1417.5,1,6,0.758,0.8,229,1
TAT_0001,Tataouine,rural,mixed,32.96466,10.48862,1685,421,3.99,1.364,1235.2,18,1,0.653,1.3,248,2
TAT_0002,Tataouine,rural,mixed,32.79111,10.35279,2752,1080,2.55,4.067,676.7,16,2,0.268,1.3,362,2
TAT_0003,Tataouine,rural,residential,32.92209,10.53114,2515,598,4.2,0.784,3206.8,7,5,0.705,1.0,252,2
TAT_0004,Tataouine,rural,residential,32.91756,10.47325,4096,1084,3.78,2.793,1466.6,4,10,0.564,1.0,474,2
TAT_0005,Tataouine,rural,periphery,33.01247,10.38277,8137,2215,3.67,0.934,8711.5,2,8,0.362,0.8,736,1
TAT_0006,Tataouine,rural,residential,32.91985,10.40049,2142,653,3.28,1.065,2010.4,1,2,0.404,1.0,153,1
TAT_0007,Tataouine,rural,periphery,32.89402,10.37489,5987,1538,3.89,1.712,3498.1,1,12,0.52,0.8,495,1
TAT_0008,Tataouine,rural,periphery,32.92538,10.41028,3457,787,4.39,0.788,4388.1,0,7,0.237,0.8,249,1
TAT_0009,Tataouine,rural,periphery,32.94118,10.44362,3445,1183,2.91,0.511,6735.6,3,6,0.56,0.8,296,1
TAT_0010,Tataouine,rural,periphery,33.00854,10.46993,1686,415,4.06,1.227,1374.0,1,2,0.168,0.8,113,1
TAT_0011,Tataouine,rural,residential,32.9113,10.47974,3598,1086,3.31,1.954,1840.9,3,3,0.55,1.0,345,1
TAT_0012,Tataouine,rural,residential,32.96832,10.47057,3408,880,3.87,0.682,4998.2,10,3,0.606,1.0,317,1
TAT_0013,Tataouine,rural,mixed,32.83923,10.39106,4927,1349,3.65,0.579,8509.3,8,6,0.741,1.3,508,2
TAT_0014,Tataouine,rural,residential,33.00631,10.52274,5691,1448,3.93,1.095,5198.6,3,11,0.947,1.0,508,1
TAT_0015,Tataouine,rural,residential,32.91904,10.44272,3340,1099,3.04,1.418,2355.8,8,4,0.576,1.0,234,1
TAT_0016,Tataouine,rural,mixed,32.89473,10.42722,1653,446,3.7,3.333,495.9,10,2,0.321,1.3,125,1
TAT_0017,Tataouine,rural,park,32.94772,10.43396,2700,691,3.9,0.199,13576.1,3,4,0.109,0.9,319,2
TAT_0018,Tataouine,rural,residential,32.87399,10.44701,3749,932,4.02,1.169,3207.2,4,3,0.41,1.0,366,1
TAT_0019,Tataouine,rural,park,32.88833,10.37724,2805,732,3.83,1.446,1939.4,3,4,0.4,0.9,185,1
TAT_0020,Tataouine,rural,residential,33.00833,10.4504,2480,761,3.26,0.845,2933.8,7,4,0.834,1.0,195,1
TAT_0021,Tataouine,rural,periphery,32.91485,10.47997,2579,923,2.79,0.305,8459.8,1,2,0.104,0.8,189,1
TAT_0022,Tataouine,rural,residential,32.97842,10.44403,1603,637,2.51,2.391,670.5,5,2,0.913,1.0,135,1
TAT_0023,Tataouine,rural,residential,32.88067,10.39647,4763,993,4.79,1.394,3417.2,6,7,0.523,1.0,398,1
TAT_0024,Tataouine,rural,park,32.90521,10.41927,3950,1314,3.0,1.814,2177.7,3,6,0.506,0.9,335,1
TAT_0025,Tataouine,rural,residential,32.92001,10.45558,2512,605,4.15,0.726,3462.3,4,1,0.305,1.0,243,1
TAT_0026,Tataouine,rural,periphery,32.92873,10.4938,1373,360,3.81,0.692,1982.9,4,5,0.274,0.8,131,1
TAT_0027,Tataouine,rural,residential,32.88777,10.4448,2573,663,3.88,7.74,332.4,6,4,0.562,1.0,130,1
TAT_0028,Tataouine,rural,mixed,32.84841,10.55504,4231,1448,2.92,0.546,7749.9,13,3,0.349,1.3,454,2
TAT_0029,Tataouine,rural,residential,33.02881,10.41139,1382,423,3.26,1.208,1144.4,6,1,0.648,1.0,134,1
TAT_0030,Tataouine,rural,park,32.91827,10.38919,2466,699,3.53,1.652,1493.2,5,4,0.49,0.9,205,1
TAT_0031,Tataouine,rural,residential,32.88815,10.46143,5171,1522,3.4,1.718,3010.1,2,3,0.442,1.0,506,1
TAT_0032,Tataouine,rural,mixed,32.83346,10.43226,5135,1149,4.47,2.119,2422.9,12,3,0.635,1.3,590,2
TAT_0033,Tataouine,rural,residential,32.9526,10.4642,4640,1399,3.32,2.382,1947.8,6,9,0.441,1.0,420,1
TAT_0034,Tataouine,rural,residential,32.97879,10.47099,6038,2132,2.83,0.634,9516.6,7,7,0.475,1.0,583,1
TAT_0035,Tataouine,rural,residential,32.96342,10.43982,4646,1254,3.7,0.968,4799.4,5,7,0.288,1.0,513,2
TAT_0036,Tataouine,rural,residential,32.85489,10.46615,2340,857,2.73,1.369,1709.0,6,5,0.546,1.0,232,1
TAT_0037,Tataouine,rural,park,32.93515,10.47388,3131,814,3.84,3.66,855.5,2,5,0.107,0.9,320,2
TAT_0038,Tataouine,rural,periphery,32.93682,10.46875,3069,992,3.09,1.363,2252.2,2,3,0.198,0.8,265,1
TAT_0039,Tataouine,rural,periphery,32.99958,10.4529,2077,786,2.64,2.29,906.9,2,3,0.461,0.8,118,1
TAT_0040,Tataouine,rural,periphery,32.95657,10.52556,1470,418,3.52,1.426,1031.1,1,2,0.788,0.8,96,1
TAT_0041,Tataouine,rural,residential,32.93176,10.43458,2267,682,3.32,4.2,539.8,3,1,0.136,1.0,203,1
TAT_0042,Tataouine,rural,residential,32.96341,10.4243,2285,687,3.33,3.964,576.4,9,4,0.953,1.0,244,2
TAT_0043,Tataouine,rural,residential,32.89797,10.4145,3098,782,3.96,0.312,9943.6,7,5,0.483,1.0,298,1
TAT_0044,Tataouine,rural,mixed,32.89609,10.4398,1549,451,3.43,0.747,2074.2,9,2,0.263,1.3,170,2
TAT_0045,Tataouine,rural,residential,32.90084,10.57,2645,770,3.43,2.08,1271.5,2,2,0.368,1.0,263,1
TAT_0046,Tataouine,rural,residential,32.96694,10.44295,2956,1105,2.67,5.672,521.2,8,7,0.847,1.0,324,2
TAT_0047,Tataouine,rural,mixed,32.95072,10.45858,2699,1347,2.0,0.928,2908.9,15,1,0.576,1.3,349,2
TAT_0048,Tataouine,rural,periphery,32.93322,10.49447,3632,1134,3.2,5.059,717.9,3,1,0.725,0.8,180,0
TAT_0049,Tataouine,rural,residential,32.93684,10.48061,3310,979,3.38,2.584,1280.9,3,5,0.488,1.0,276,1
GAF_0000,Gafsa,mixed,mixed,34.40902,8.80474,9353,2874,3.25,3.513,2662.1,11,13,0.658,1.3,1016,2
GAF_0001,Gafsa,mixed,commercial,34.39995,8.73124,8394,1920,4.37,0.741,11323.3,27,13,0.519,1.6,1313,2
GAF_0002,Gafsa,mixed,commercial,34.47346,8.81568,5806,1563,3.71,1.921,3021.6,30,12,0.831,1.6,915,2
GAF_0003,Gafsa,mixed,residential,34.50987,8.73775,4474,1439,3.11,0.751,5954.9,2,7,0.91,1.0,417,1
GAF_0004,Gafsa,mixed,park,34.43962,8.76088,7072,1634,4.33,2.655,2663.2,2,8,0.362,0.9,538,1
GAF_0005,Gafsa,mixed,residential,34.42971,8.80322,4226,1589,2.66,1.226,3448.2,7,5,0.656,1.0,313,1
GAF_0006,Gafsa,mixed,commercial,34.43158,8.77023,8656,2109,4.1,3.393,2551.3,15,14,0.389,1.6,1448,2
GAF_0007,Gafsa,mixed,residential,34.3335,8.79051,5666,1692,3.35,1.511,3750.7,5,5,0.237,1.0,459,1
GAF_0008,Gafsa,mixed,residential,34.40564,8.75397,8472,2541,3.33,4.501,1882.3,4,8,0.569,1.0,660,1
GAF_0009,Gafsa,mixed,commercial,34.44946,8.70503,5453,1531,3.56,1.451,3757.1,30,8,0.342,1.6,712,2
GAF_0010,Gafsa,mixed,residential,34.44589,8.73601,8440,2362,3.57,1.75,4822.2,4,12,0.771,1.0,579,1
GAF_0011,Gafsa,mixed,periphery,34.47129,8.7749,3033,690,4.39,1.289,2352.2,4,4,0.311,0.8,280,1
GAF_0012,Gafsa,mixed,commercial,34.48685,8.81196,5139,1142,4.5,2.505,2051.7,21,7,0.155,1.6,625,2
GAF_0013,Gafsa,mixed,residential,34.49151,8.8045,5374,1597,3.36,0.549,9787.4,5,10,0.467,1.0,602,2
GAF_0014,Gafsa,mixed,commercial,34.46579,8.79165,1996,512,3.9,1.006,1983.3,25,1,0.411,1.6,339,2
GAF_0015,Gafsa,mixed,periphery,34.42138,8.74212,3959,998,3.96,2.19,1807.5,4,5,0.183,0.8,256,1
GAF_0016,Gafsa,mixed,residential,34.43666,8.77094,8713,2691,3.24,0.774,11258.9,4,12,0.115,1.0,1204,2
GAF_0017,Gafsa,mixed,residential,34.48416,8.7537,6498,1722,3.77,2.194,2961.6,5,7,0.417,1.0,533,1
GAF_0018,Gafsa,mixed,mixed,34.44418,8.73509,2581,615,4.2,1.523,1694.8,14,5,0.601,1.3,258,1
GAF_0019,Gafsa,mixed,mixed,34.38543,8.71991,6314,1889,3.34,5.491,1149.8,8,6,0.313,1.3,736,2
GAF_0020,Gafsa,mixed,residential,34.38483,8.87052,10582,2766,3.82,0.647,16345.7,8,10,0.691,1.0,1476,2
GAF_0021,Gafsa,mixed,residential,34.50528,8.73523,5723,1771,3.23,5.277,1084.5,5,6,0.358,1.0,510,1
GAF_0022,Gafsa,mixed,park,34.38761,8.72481,16068,4659,3.45,2.347,6845.1,3,21,0.695,0.9,919,1
GAF_0023,Gafsa,mixed,mixed,34.45398,8.73546,11791,4475,2.63,1.731,6810.5,14,19,0.449,1.3,1390,2
GAF_0024,Gafsa,mixed,residential,34.34849,8.69223,3749,1004,3.73,2.542,1474.5,6,5,0.65,1.0,274,1
GAF_0025,Gafsa,mixed,commercial,34.45497,8.80757,6717,1328,5.06,1.471,4567.2,30,13,0.794,1.6,848,2
GAF_0026,Gafsa,mixed,residential,34.46466,8.74172,7065,2020,3.5,0.71,9956.1,4,12,0.459,1.0,573,1
GAF_0027,Gafsa,mixed,residential,34.38478,8.86545,9951,3104,3.2,1.516,6565.1,4,12,0.307,1.0,1079,2
GAF_0028,Gafsa,mixed,park,34.47146,8.77262,4136,1371,3.02,0.33,12540.0,2,10,0.522,0.9,385,1
GAF_0029,Gafsa,mixed,commercial,34.3869,8.82438,5175,1589,3.26,0.89,5817.7,25,7,0.889,1.6,800,2
GAF_0030,Gafsa,mixed,mixed,34.42815,8.69418,8353,2428,3.44,0.468,17832.6,17,14,0.345,1.3,947,2
GAF_0031,Gafsa,mixed,park,34.42458,8.76411,5791,1440,4.02,3.056,1894.8,4,11,0.208,0.9,527,1
GAF_0032,Gafsa,mixed,commercial,34.37726,8.81047,4068,982,4.14,0.719,5654.7,15,1,0.503,1.6,574,2
GAF_0033,Gafsa,mixed,mixed,34.38776,8.72002,5227,1202,4.35,9.046,577.8,13,9,0.871,1.3,631,2
GAF_0034,Gafsa,mixed,commercial,34.46281,8.77534,9339,2644,3.53,4.153,2248.7,26,8,0.427,1.6,1116,2
GAF_0035,Gafsa,mixed,residential,34.44054,8.69452,21761,7359,2.96,1.657,13129.5,6,34,0.196,1.0,2112,1
GAF_0036,Gafsa,mixed,commercial,34.4271,8.7749,2950,739,3.99,2.35,1255.6,20,1,0.559,1.6,563,2
GAF_0037,Gafsa,mixed,periphery,34.4597,8.74924,8797,2407,3.65,0.96,9161.2,2,18,0.534,0.8,616,1
GAF_0038,Gafsa,mixed,mixed,34.40749,8.68907,5140,1644,3.13,4.371,1176.1,17,6,0.788,1.3,615,2
GAF_0039,Gafsa,mixed,residential,34.38087,8.81779,5283,1600,3.3,0.881,5997.2,4,5,0.478,1.0,387,1
GAF_0040,Gafsa,mixed,periphery,34.32213,8.87169,10949,3260,3.36,1.024,10690.8,1,12,0.877,0.8,1000,1
GAF_0041,Gafsa,mixed,residential,34.32949,8.80891,8828,2270,3.89,1.008,8760.4,5,7,0.831,1.0,916,2
GAF_0042,Gafsa,mixed,residential,34.39086,8.79383,3160,1036,3.05,5.0,632.0,5,4,0.424,1.0,303,1
GAF_0043,Gafsa,mixed,residential,34.47245,8.72606,8813,2316,3.8,1.093,8064.6,5,12,0.565,1.0,652,1
GAF_0044,Gafsa,mixed,periphery,34.40441,8.73694,5333,1339,3.98,0.906,5887.2,1,8,0.428,0.8,372,1
GAF_0045,Gafsa,mixed,residential,34.48957,8.71743,11313,3412,3.32,1.314,8607.1,9,13,0.391,1.0,1162,2
GAF_0046,Gafsa,mixed,residential,34.38509,8.74239,14426,5310,2.72,1.258,11464.2,6,15,0.415,1.0,1385,1
GAF_0047,Gafsa,mixed,commercial,34.41289,8.77628,3219,882,3.65,1.219,2641.3,28,1,0.344,1.6,486,2
GAF_0048,Gafsa,mixed,periphery,34.49868,8.78258,6715,1941,3.46,1.49,4507.7,2,5,0.314,0.8,329,0
GAF_0049,Gafsa,mixed,commercial,34.36087,8.81953,3740,1007,3.71,3.549,1053.8,27,5,0.19,1.6,519,2
TOZ_0000,Tozeur,rural,residential,33.86223,8.16212,2203,623,3.53,0.35,6302.0,5,2,0.433,1.0,161,1
TOZ_0001,Tozeur,rural,periphery,33.93753,8.15765,1559,448,3.48,1.323,1178.1,4,1,0.735,0.8,103,1
TOZ_0002,Tozeur,rural,residential,33.91804,8.0352,1727,594,2.9,2.647,652.4,6,3,0.692,1.0,140,1
TOZ_0003,Tozeur,rural,mixed,33.95141,8.13871,708,186,3.79,1.733,408.6,11,1,0.445,1.3,66,1
TOZ_0004,Tozeur,rural,residential,33.88202,8.096,3394,865,3.92,1.062,3194.8,4,4,0.356,1.0,325,1
TOZ_0005,Tozeur,rural,park,33.90523,8.13482,2499,719,3.47,5.603,446.0,0,2,0.224,0.9,167,1
TOZ_0006,Tozeur,rural,mixed,33.95516,8.11851,1409,454,3.1,4.74,297.3,13,1,0.076,1.3,96,1
TOZ_0007,Tozeur,rural,mixed,34.01596,8.13153,1331,424,3.14,0.737,1805.8,9,2,0.479,1.3,158,2
TOZ_0008,Tozeur,rural,mixed,33.87361,8.09722,2518,728,3.45,1.929,1305.1,7,6,0.476,1.3,281,2
TOZ_0009,Tozeur,rural,periphery,33.93623,8.23959,1506,369,4.08,1.756,857.4,1,5,0.306,0.8,162,2
TOZ_0010,Tozeur,rural,residential,33.93824,8.24774,6588,2030,3.25,1.14,5780.3,8,9,0.393,1.0,540,1
TOZ_0011,Tozeur,rural,residential,33.85485,8.10844,1492,419,3.55,1.17,1274.9,8,5,0.241,1.0,144,1
TOZ_0012,Tozeur,rural,residential,33.98148,8.13758,2555,743,3.44,5.063,504.6,5,5,0.401,1.0,204,1
TOZ_0013,Tozeur,rural,residential,33.98928,8.12283,5814,2020,2.88,6.916,840.6,6,5,0.541,1.0,462,1
TOZ_0014,Tozeur,rural,residential,33.99476,8.12374,3060,1207,2.53,1.072,2855.5,5,7,0.173,1.0,374,2
TOZ_0015,Tozeur,rural,residential,33.92643,8.07225,1440,523,2.75,1.274,1130.6,3,2,0.688,1.0,147,2
TOZ_0016,Tozeur,rural,residential,33.93925,8.08154,2948,929,3.17,1.138,2591.3,8,5,0.357,1.0,311,2
TOZ_0017,Tozeur,rural,periphery,33.92801,8.15986,4000,1123,3.56,2.203,1815.9,2,2,0.642,0.8,345,1
TOZ_0018,Tozeur,rural,residential,33.89078,8.05511,2852,864,3.3,2.926,974.6,11,1,0.701,1.0,241,1
TOZ_0019,Tozeur,rural,periphery,34.02568,8.13571,3489,1092,3.19,0.757,4606.8,2,9,0.607,0.8,215,1
TOZ_0020,Tozeur,rural,residential,33.88939,8.10306,2107,692,3.04,1.298,1623.8,3,1,0.69,1.0,217,2
TOZ_0021,Tozeur,rural,residential,33.9363,8.1235,4041,1658,2.44,1.269,3185.4,3,8,0.548,1.0,415,2
TOZ_0022,Tozeur,rural,periphery,33.90072,8.09328,2212,528,4.18,1.272,1738.7,2,4,0.316,0.8,180,1
TOZ_0023,Tozeur,rural,mixed,33.91586,8.16001,4441,1110,4.0,0.496,8960.4,9,7,0.892,1.3,518,2
TOZ_0024,Tozeur,rural,park,33.84021,8.07528,3807,1174,3.24,1.196,3183.7,3,1,0.399,0.9,313,1
TOZ_0025,Tozeur,rural,periphery,33.85337,8.12615,3829,1174,3.26,1.274,3005.4,0,6,0.126,0.8,325,1
TOZ_0026,Tozeur,rural,periphery,33.93116,8.1751,1808,466,3.87,3.172,570.0,2,3,0.524,0.8,124,1
TOZ_0027,Tozeur,rural,residential,33.92797,8.161,2193,684,3.2,1.829,1198.8,3,2,0.661,1.0,170,1
TOZ_0028,Tozeur,rural,periphery,33.99194,8.19639,2147,494,4.34,3.334,644.0,0,5,0.873,0.8,128,1
TOZ_0029,Tozeur,rural,residential,33.90517,8.10145,2574,834,3.08,1.463,1758.8,4,1,0.078,1.0,179,1
TOZ_0030,Tozeur,rural,residential,33.91766,8.13843,2178,568,3.83,8.309,262.1,5,1,0.091,1.0,142,1
TOZ_0031,Tozeur,rural,periphery,33.89019,7.99489,2251,650,3.46,2.019,1114.9,3,1,0.263,0.8,184,1
TOZ_0032,Tozeur,rural,periphery,33.97426,8.15635,3142,961,3.27,2.324,1352.1,1,6,0.769,0.8,241,1
TOZ_0033,Tozeur,rural,mixed,33.9792,8.10715,1736,466,3.72,0.52,3341.2,14,5,0.742,1.3,222,2
TOZ_0034,Tozeur,rural,residential,33.92163,8.13801,2212,650,3.4,0.732,3021.8,6,1,0.121,1.0,170,1
TOZ_0035,Tozeur,rural,residential,33.88403,8.07011,1465,375,3.9,2.754,531.9,6,1,0.825,1.0,124,1
TOZ_0036,Tozeur,rural,periphery,33.9403,8.22853,976,287,3.4,3.419,285.4,3,1,0.365,0.8,61,1
TOZ_0037,Tozeur,rural,periphery,33.9833,8.15835,5127,1612,3.18,4.062,1262.2,3,6,0.322,0.8,274,1
TOZ_0038,Tozeur,rural,residential,33.91919,8.14221,2537,966,2.63,0.384,6606.6,7,2,0.808,1.0,232,1
TOZ_0039,Tozeur,rural,park,33.96587,8.11077,1767,456,3.87,3.505,504.1,1,3,0.612,0.9,153,1
TOZ_0040,Tozeur,rural,mixed,33.99726,8.15502,1941,396,4.89,2.048,947.8,10,1,0.798,1.3,206,2
TOZ_0041,Tozeur,rural,periphery,33.90142,8.14211,1331,398,3.34,1.333,998.6,2,1,0.538,0.8,96,1
TOZ_0042,Tozeur,rural,periphery,33.91483,8.04596,2702,890,3.03,3.276,824.7,1,3,0.457,0.8,208,1
TOZ_0043,Tozeur,rural,residential,33.8782,8.17474,1122,323,3.47,2.181,514.5,8,1,0.94,1.0,88,1
TOZ_0044,Tozeur,rural,park,33.91458,8.03372,1520,397,3.82,1.694,897.5,1,1,0.485,0.9,146,1
TOZ_0045,Tozeur,rural,mixed,33.86575,8.0876,1266,297,4.26,0.837,1512.4,6,2,0.762,1.3,157,2
TOZ_0046,Tozeur,rural,residential,33.94187,8.13695,9215,3466,2.66,0.798,11548.3,9,17,0.406,1.0,1067,2
TOZ_0047,Tozeur,rural,periphery,33.92833,8.14133,2292,734,3.12,1.95,1175.7,0,3,0.147,0.8,144,1
TOZ_0048,Tozeur,rural,residential,34.03704,8.17387,5855,2100,2.79,0.729,8026.3,5,10,0.338,1.0,387,1
TOZ_0049,Tozeur,rural,mixed,33.92162,8.18817,1956,548,3.57,0.498,3929.1,7,2,0.186,1.3,207,2
KEB_0000,Kebili,rural,mixed,33.69524,8.89318,2424,640,3.78,1.864,1300.3,11,9,0.246,1.3,311,2
KEB_0001,Kebili,rural,mixed,33.68014,8.97237,1572,391,4.01,10.042,156.5,13,2,0.647,1.3,142,1
KEB_0002,Kebili,rural,residential,33.74974,8.94887,1235,312,3.95,0.658,1878.3,7,3,0.415,1.0,131,2
KEB_0003,Kebili,rural,periphery,33.65978,8.95318,2071,643,3.22,6.734,307.5,2,7,0.566,0.8,128,1
KEB_0004,Kebili,rural,periphery,33.76096,8.93756,4322,991,4.36,6.643,650.6,6,10,0.375,0.8,328,1
KEB_0005,Kebili,rural,residential,33.76897,9.0012,6732,2409,2.79,1.931,3486.6,1,5,0.696,1.0,567,1
KEB_0006,Kebili,rural,mixed,33.70606,8.99959,1189,346,3.43,1.238,960.3,16,4,0.67,1.3,207,2
KEB_0007,Kebili,rural,residential,33.74,9.08629,6846,1603,4.27,2.656,2578.0,3,9,0.194,1.0,510,1
KEB_0008,Kebili,rural,periphery,33.66213,9.00844,2095,726,2.88,1.603,1306.7,1,2,0.449,0.8,213,2
KEB_0009,Kebili,rural,residential,33.74372,8.93612,4187,1605,2.61,4.825,867.8,0,5,0.365,1.0,329,1
KEB_0010,Kebili,rural,periphery,33.68729,8.93595,1889,686,2.75,3.085,612.3,3,5,0.787,0.8,147,1
KEB_0011,Kebili,rural,residential,33.71392,9.03019,2025,606,3.34,2.756,734.7,4,1,0.307,1.0,170,1
KEB_0012,Kebili,rural,residential,33.68536,9.02664,2551,662,3.85,8.409,303.4,4,5,0.713,1.0,153,1
KEB_0013,Kebili,rural,periphery,33.65811,9.06095,5290,1874,2.82,7.165,738.3,4,6,0.283,0.8,369,1
KEB_0014,Kebili,rural,park,33.7467,8.95244,2443,820,2.98,1.47,1662.3,3,6,0.509,0.9,209,1
KEB_0015,Kebili,rural,residential,33.68339,9.04313,2654,648,4.09,1.619,1638.9,9,2,0.566,1.0,232,1
KEB_0016,Kebili,rural,residential,33.74709,8.94983,2300,744,3.09,2.864,803.1,5,4,0.137,1.0,173,1
KEB_0017,Kebili,rural,residential,33.63498,8.94187,4495,1200,3.74,0.254,17713.9,4,7,0.199,1.0,619,2
KEB_0018,Kebili,rural,residential,33.68006,8.97003,2982,745,4.0,1.065,2799.9,4,6,0.205,1.0,295,1
KEB_0019,Kebili,rural,residential,33.76414,8.96519,3474,825,4.21,4.121,843.0,4,4,0.073,1.0,415,2
KEB_0020,Kebili,rural,periphery,33.7328,8.95409,6663,1663,4.01,4.712,1413.9,2,9,0.245,0.8,438,1
KEB_0021,Kebili,rural,residential,33.70955,9.02303,3325,1350,2.46,1.541,2157.2,6,1,0.545,1.0,352,2
KEB_0022,Kebili,rural,mixed,33.78368,9.00928,2762,878,3.14,5.587,494.4,6,6,0.275,1.3,198,1
KEB_0023,Kebili,rural,periphery,33.6923,8.97364,3539,911,3.88,6.536,541.4,3,1,0.858,0.8,290,1
KEB_0024,Kebili,rural,residential,33.68757,9.06559,1784,545,3.27,1.394,1280.2,5,2,0.56,1.0,144,1
KEB_0025,Kebili,rural,periphery,33.64111,8.92883,3673,1083,3.39,1.528,2404.1,3,6,0.416,0.8,139,0
KEB_0026,Kebili,rural,periphery,33.73302,8.92267,6826,1968,3.47,1.654,4126.3,2,9,0.576,0.8,440,1
KEB_0027,Kebili,rural,periphery,33.66112,8.93001,10456,2676,3.91,0.395,26489.5,2,17,0.963,0.8,867,1
KEB_0028,Kebili,rural,residential,33.77811,8.89223,2680,903,2.97,1.622,1652.5,5,3,0.556,1.0,283,2
KEB_0029,Kebili,rural,periphery,33.71064,8.98976,2129,720,2.96,2.913,730.9,1,2,0.916,0.8,137,1
KEB_0030,Kebili,rural,residential,33.76576,8.90536,3888,1002,3.88,1.271,3058.4,5,5,0.552,1.0,426,2
KEB_0031,Kebili,rural,periphery,33.77622,9.0604,2687,727,3.69,1.634,1644.3,2,5,0.176,0.8,205,1
KEB_0032,Kebili,rural,periphery,33.7171,8.92407,3779,1278,2.96,0.499,7570.0,4,6,0.778,0.8,321,1
KEB_0033,Kebili,rural,residential,33.71024,8.94925,8917,2672,3.34,5.848,1524.8,3,14,0.153,1.0,798,1
KEB_0034,Kebili,rural,mixed,33.6804,8.94892,1952,632,3.08,1.248,1564.2,12,3,0.667,1.3,231,2
KEB_0035,Kebili,rural,park,33.64929,8.95412,4304,1213,3.55,0.718,5995.5,1,9,0.355,0.9,298,1
KEB_0036,Kebili,rural,mixed,33.72338,8.99099,3738,1439,2.6,0.797,4687.7,15,4,0.548,1.3,487,2
KEB_0037,Kebili,rural,residential,33.6899,9.03987,4359,1508,2.89,0.769,5668.4,6,6,0.617,1.0,435,1
KEB_0038,Kebili,rural,residential,33.70845,9.00034,4535,1610,2.82,4.199,1080.0,8,5,0.455,1.0,440,1
KEB_0039,Kebili,rural,park,33.74835,9.00364,1332,442,3.01,1.035,1286.4,0,1,0.178,0.9,77,1
KEB_0040,Kebili,rural,mixed,33.67073,8.96946,4730,1345,3.51,1.348,3507.7,11,7,0.262,1.3,572,2
KEB_0041,Kebili,rural,periphery,33.73504,8.96857,3206,1153,2.78,7.528,425.9,2,1,0.611,0.8,118,0
KEB_0042,Kebili,rural,mixed,33.74976,8.96881,1772,503,3.52,2.016,879.1,13,1,0.547,1.3,256,2
KEB_0043,Kebili,rural,residential,33.61903,8.93636,6300,1839,3.43,7.247,869.3,2,7,0.137,1.0,488,1
KEB_0044,Kebili,rural,residential,33.71501,8.95335,2958,920,3.21,2.274,1300.5,10,4,0.443,1.0,276,1
KEB_0045,Kebili,rural,residential,33.64998,8.96465,3839,1015,3.78,0.928,4138.5,1,7,0.235,1.0,403,2
KEB_0046,Kebili,rural,residential,33.65378,8.9308,1896,531,3.57,1.47,1289.5,0,4,0.813,1.0,146,1
KEB_0047,Kebili,rural,periphery,33.73726,8.96515,4931,1979,2.49,1.063,4637.9,1,2,0.616,0.8,284,1
KEB_0048,Kebili,rural,periphery,33.68203,8.94248,7184,1858,3.87,1.045,6877.4,0,7,0.92,0.8,464,1
KEB_0049,Kebili,rural,periphery,33.65859,9.0335,12658,3019,4.19,2.646,4783.8,2,14,0.386,0.8,829,1
